Gender,Age,Academic_degree,Years_Experience,Years_experience_lastorganization,Sector,Department,JobTitle,MonthlySalary,Allowances,MedicalInsurance,Bonus,OverTime,Payment_Overtime,Rewards&Wages_Satisfaction,Get_ Deserved_Promotion,Training_programs_ During_last_three_years,Useful_Training_Programs,Business_Travel,Job_Support,Recognition,Emotional_Commitment,Job_Engagement,Distance_to_work,Work_Live_Balance,Physical_Stress,Psychological_Exhaustion,Job_Stability,Health_Issues,Environment_Satisfaction,Job_Satisfaction,Job_Opportunities,Maritalstatus_married,Maritalstatus_single,Burnout_Score,Stagnation_Score,Disengagement_Score,Compensation_Gap,Cluster
0,2,2,2,1,0.5055446394403083,0.58079526080885,0.6209859275516705,3,2,1,1,0,1,1,1,1,1,1,3,0,1,2,1,1,2,1,0,1,2,2,1,1,0,6,1,5,0,1
0,1,2,2,2,0.2813321005719086,0.494729193738419,0.4860613946318852,1,0,1,0,0,1,1,1,2,1,2,3,1,2,2,2,2,0,0,0,1,2,2,1,1,0,1,2,5,1,1
1,1,2,1,1,0.3553719008441233,0.4690232345327208,0.2652017323423765,2,0,0,0,0,1,0,0,0,0,1,1,0,1,2,1,1,2,2,0,1,1,1,0,1,0,7,3,7,2,2
0,2,1,2,2,0.3553719008441233,0.5277634595901657,0.5195136717366,3,2,1,0,0,1,0,0,0,0,1,1,1,1,1,1,2,1,2,0,0,3,1,1,0,1,4,4,5,2,2
0,1,2,1,1,0.5041293001243747,0.5277634595901657,0.4012782538087797,2,2,1,1,1,3,0,0,1,1,1,1,0,3,1,2,1,2,2,0,0,1,1,0,0,1,7,2,6,2,2
1,2,2,2,2,0.3553719008441233,0.2560048675697335,0.2068230990908619,1,0,0,0,0,2,0,0,0,0,2,1,0,1,1,3,1,2,0,1,1,3,3,1,0,1,5,4,5,2,2
0,2,2,1,1,0.2813321005719086,0.5727612338639113,0.47073868350099,1,0,1,0,0,1,0,0,0,0,1,1,0,3,2,1,2,1,1,0,0,2,2,0,0,1,4,3,3,2,2
1,1,3,1,1,0.5041293001243747,0.3924051042901554,0.3464152991515907,1,0,0,0,0,1,0,0,1,1,1,2,0,2,2,2,2,2,1,1,0,2,2,0,0,1,5,2,5,2,2
0,2,2,2,2,0.4730210191672236,0.494729193738419,0.4860613946318852,2,3,1,1,0,1,1,1,0,0,3,3,1,2,3,3,3,0,0,1,0,2,2,1,1,0,0,3,6,0,1
0,1,1,1,1,0.5055446394403083,0.5727612338639113,0.4020705871988475,1,2,0,0,0,1,0,0,0,0,1,3,1,2,2,1,2,1,1,0,0,2,2,0,0,1,3,3,4,2,2
1,2,3,2,2,0.3553719008441233,0.2560048675697335,0.2774942828349492,5,2,1,0,0,2,0,0,1,1,2,3,0,1,3,2,1,2,2,0,0,3,2,0,0,1,7,3,5,2,2
1,2,1,1,1,0.5055446394403083,0.4690232345327208,0.2652017323423765,1,0,1,0,0,1,0,0,1,1,1,1,1,2,1,1,2,1,1,1,0,2,2,0,1,0,3,2,4,2,2
0,2,2,3,1,0.4730210191672236,0.5697065570083024,0.5413865546218488,1,0,0,1,0,1,0,0,0,0,1,1,0,3,1,2,2,2,2,0,0,1,1,0,1,0,6,3,6,1,2
1,3,2,1,1,0.6004666455841483,0.5444138749750935,0.557835589399299,1,0,0,0,1,2,0,0,0,0,1,1,0,1,2,1,2,1,2,0,0,1,1,0,1,0,5,3,7,3,2
1,1,2,3,3,0.3553719008441233,0.5088547359679307,0.4913865546218487,1,0,1,0,0,3,1,1,1,0,1,2,1,2,2,1,2,1,1,1,0,2,2,0,0,1,3,4,4,1,0
1,2,2,2,2,0.6004666455841483,0.3924051042901554,0.3485496690247472,2,1,1,0,0,1,0,0,2,1,1,2,1,1,1,1,2,0,1,0,0,2,2,0,1,0,2,3,5,2,0
1,1,2,1,1,0.3553719008441233,0.4690232345327208,0.2652017323423765,1,0,0,0,0,1,0,0,0,0,1,1,0,1,2,2,1,0,1,0,0,2,1,0,0,1,4,3,7,2,2
0,2,2,2,1,0.2813321005719086,0.5727612338639113,0.47073868350099,2,0,1,1,0,1,0,0,1,1,1,2,1,2,2,2,2,1,1,0,0,2,2,1,1,0,3,2,5,1,2
0,2,2,3,3,0.5569570005567268,0.494729193738419,0.5188898574495677,2,2,1,0,1,3,1,1,2,1,2,2,0,2,2,3,2,2,1,0,0,2,2,1,1,0,5,3,6,2,1
0,2,2,2,1,0.2568807343877629,0.5088547359679307,0.4624682586537629,2,1,1,0,0,1,0,0,0,0,1,1,0,1,2,3,2,2,2,0,0,1,1,0,1,0,6,3,9,2,2
1,1,2,1,1,0.7254294964422535,0.4690232345327208,0.6251162574106005,2,1,1,0,0,1,0,0,2,1,1,2,0,2,2,2,2,0,0,1,1,2,2,1,0,1,2,2,5,2,2
1,1,3,1,1,0.3553719008441233,0.2560048675697335,0.2068230990908619,1,3,1,1,1,3,1,1,3,1,2,3,1,2,2,1,2,1,1,1,0,1,3,0,1,0,3,1,4,1,1
1,1,3,1,1,0.2568807343877629,0.3924051042901554,0.3485496690247472,1,0,1,0,0,1,0,0,3,1,1,2,1,2,2,2,2,1,1,1,0,2,2,1,1,0,3,2,5,2,0
1,2,2,1,1,0.2568807343877629,0.2312931317475115,0.1818216133781392,1,0,0,0,1,2,0,0,1,1,1,2,1,2,2,1,1,2,2,0,0,2,2,0,1,0,6,2,4,3,2
1,3,2,2,2,0.3553719008441233,0.2560048675697335,0.2068230990908619,1,1,1,0,1,3,0,0,1,1,1,2,1,3,2,1,3,1,0,1,0,3,2,0,1,0,1,3,2,3,0
1,2,1,1,1,0.4730210191672236,0.58079526080885,0.3485496690247472,2,1,0,1,1,3,1,1,1,1,1,3,1,3,3,1,3,1,1,1,0,3,3,0,0,1,2,1,1,1,1
1,2,2,2,2,0.4730210191672236,0.6028848047056141,0.6045206383292184,1,2,1,0,0,1,0,0,0,0,1,1,0,1,1,3,2,0,2,0,0,1,1,1,0,1,4,4,9,2,2
1,1,2,1,1,0.2568807343877629,0.2312931317475115,0.5178983703117349,1,0,0,0,0,1,0,0,0,0,1,1,1,3,2,1,3,0,0,1,0,3,2,1,1,0,0,3,2,2,0
0,1,2,2,2,0.5055446394403083,0.5727612338639113,0.47073868350099,2,2,1,0,1,2,0,0,0,0,1,2,1,3,1,2,2,2,2,0,0,1,1,1,1,0,5,4,6,3,2
0,1,1,2,2,0.2813321005719086,0.431284270194226,0.4913865546218487,1,2,1,1,1,3,1,1,2,1,2,2,1,3,2,2,3,0,0,1,0,2,2,0,0,1,0,2,4,1,1
1,1,2,1,1,0.3553719008441233,0.4690232345327208,0.2652017323423765,2,0,0,0,0,1,1,1,0,0,1,2,1,3,2,2,2,0,0,0,0,1,1,0,0,1,1,2,6,1,2
1,3,3,5,5,0.7342055546273047,0.58079526080885,0.4413865546218487,3,1,1,1,0,1,1,1,3,1,2,2,1,3,2,2,2,0,0,1,0,2,3,1,0,1,1,5,3,0,1
1,1,2,2,2,0.2568807343877629,0.2312931317475115,0.1818216133781392,1,0,0,0,0,1,0,0,0,0,1,1,0,1,2,2,2,1,1,0,0,1,1,0,0,1,4,4,8,2,2
1,2,2,1,1,0.3553719008441233,0.2560048675697335,0.2068230990908619,1,3,0,1,1,1,1,1,3,1,1,3,1,3,2,2,2,1,1,1,0,2,2,0,1,0,3,1,4,1,1
1,3,1,1,1,0.5055446394403083,0.5277634595901657,0.433182665870381,1,0,1,0,1,3,0,0,0,0,1,2,1,2,2,1,2,1,1,0,0,3,2,0,1,0,3,3,3,3,2
1,1,2,1,1,0.4979663383385758,0.58079526080885,0.4413865546218487,2,1,1,0,1,2,1,1,0,0,1,1,1,3,1,2,2,1,2,0,0,1,2,0,0,1,4,2,5,2,2
1,1,2,2,2,0.2568807343877629,0.2312931317475115,0.1818216133781392,2,0,0,0,0,1,1,1,0,0,1,3,1,2,3,2,3,1,1,1,0,2,2,0,1,0,2,3,5,1,0
1,1,2,2,1,0.3553719008441233,0.2560048675697335,0.4689015395923673,1,0,0,0,1,3,0,0,0,0,1,1,0,1,1,2,1,2,1,0,0,1,1,1,0,1,6,3,8,3,2
0,2,2,2,2,0.7254294964422535,0.5277634595901657,0.5643102290371507,2,2,1,0,1,2,0,0,2,0,1,2,0,2,2,2,1,0,0,0,0,2,2,1,1,0,3,4,5,3,2
1,2,3,1,1,0.2568807343877629,0.3924051042901554,0.3485496690247472,1,0,1,0,0,1,0,0,0,0,1,2,0,3,2,3,2,2,1,0,0,1,3,0,1,0,5,3,5,2,2
1,1,1,2,2,0.5055446394403083,0.5277634595901657,0.4498825798447005,2,3,1,1,1,3,0,0,3,1,1,2,1,2,2,2,1,1,1,0,0,3,2,0,0,0,4,3,4,2,1
0,3,1,3,2,0.5041293001243747,0.58079526080885,0.3970649205239838,2,0,0,0,0,1,0,0,0,0,1,2,1,2,2,2,2,1,1,0,0,1,1,1,1,0,3,4,7,2,2
0,1,2,2,2,0.2568807343877629,0.2312931317475115,0.1818216133781392,1,1,1,1,0,1,1,1,2,1,1,3,1,3,2,2,2,1,1,1,0,2,2,1,0,1,3,2,4,0,1
0,1,2,2,1,0.3553719008441233,0.494729193738419,0.5188898574495677,2,1,1,1,1,3,1,1,1,1,1,3,1,3,1,3,1,2,2,1,1,3,2,1,0,1,6,1,4,1,1
0,1,2,1,1,0.3553719008441233,0.2560048675697335,0.4174131178978558,2,0,0,0,1,3,0,0,0,0,1,1,0,2,1,2,1,1,2,0,0,1,1,0,0,1,6,3,7,3,2
0,1,1,1,1,0.3553719008441233,0.3924051042901554,0.3485496690247472,1,0,1,0,1,3,0,0,2,1,1,2,1,2,2,1,1,0,1,0,0,2,2,0,0,1,3,2,4,3,2
1,2,1,1,1,0.3553719008441233,0.2560048675697335,0.2068230990908619,1,0,1,0,1,3,1,0,1,1,1,2,1,2,2,1,3,0,0,1,0,3,3,1,1,0,0,2,2,2,1
1,3,2,3,3,0.2568807343877629,0.2312931317475115,0.1818216133781392,3,0,0,0,0,1,1,0,2,1,2,2,1,2,2,1,3,1,1,1,0,2,2,0,0,1,2,4,4,1,0
0,1,2,5,5,0.2568807343877629,0.2312931317475115,0.1818216133781392,1,0,1,0,0,1,0,0,1,1,1,2,0,3,3,2,2,2,2,0,0,2,2,0,1,0,6,6,4,2,0
1,2,2,1,1,0.3553719008441233,0.2560048675697335,0.2068230990908619,1,0,1,1,1,3,1,0,1,1,1,2,1,2,2,2,2,1,1,0,0,2,2,1,1,0,3,2,5,1,1
0,1,2,2,1,0.5055446394403083,0.5088547359679307,0.4624682586537629,2,2,1,0,0,2,0,0,0,0,1,1,0,1,1,1,2,0,1,0,0,1,2,1,0,1,3,3,6,2,2
0,1,1,1,1,0.4730210191672236,0.4690232345327208,0.6251162574106005,2,0,1,0,0,1,1,1,2,1,2,3,1,3,2,2,2,1,1,0,0,3,2,1,0,1,3,1,3,1,1
0,3,2,1,1,0.5041293001243747,0.5277634595901657,0.433182665870381,2,2,1,1,0,1,1,1,1,1,2,3,1,3,2,2,3,0,0,1,0,3,3,0,1,0,0,1,2,0,1
0,2,3,2,1,0.7254294964422535,0.5277634595901657,0.5643102290371507,2,1,1,1,0,1,0,1,2,1,1,2,1,2,2,2,2,0,1,0,0,2,2,1,1,0,2,1,5,1,1
1,1,2,2,1,0.3553719008441233,0.5444138749750935,0.557835589399299,1,0,1,1,0,1,0,0,0,0,1,1,1,2,2,1,2,2,2,1,0,2,2,1,0,1,5,3,4,1,2
1,2,1,2,2,0.3553719008441233,0.4690232345327208,0.6251162574106005,2,2,1,0,0,1,0,0,0,0,1,1,0,1,1,3,1,1,2,0,1,1,1,0,1,0,6,4,9,2,2
0,1,2,5,5,0.2568807343877629,0.3924051042901554,0.3464152991515907,4,1,0,0,0,1,1,0,1,1,1,1,1,3,3,1,3,1,2,1,0,2,3,0,1,0,3,6,2,1,0
1,2,2,2,1,0.2568807343877629,0.3924051042901554,0.3485496690247472,2,1,1,0,1,2,0,0,0,0,1,1,0,2,1,3,1,2,2,0,0,2,2,1,0,1,7,3,6,3,2
0,2,4,2,2,0.2568807343877629,0.2312931317475115,0.4483344683362005,3,1,1,1,1,3,1,1,1,1,2,2,1,3,2,2,2,1,0,1,0,2,3,0,1,0,2,2,3,1,1
0,1,3,1,1,0.4239590626609834,0.4239590626609834,0.435687907264296,2,0,1,0,0,2,1,1,0,1,2,2,1,2,2,2,2,0,1,1,0,2,2,0,0,1,2,1,5,1,1
1,1,2,1,1,0.4979663383385758,0.431284270194226,0.4174131178978558,2,2,1,0,0,1,0,0,0,0,1,2,1,3,3,2,1,2,2,0,0,2,2,0,0,1,6,3,4,2,2
1,2,1,1,1,0.3553719008441233,0.58079526080885,0.4413865546218487,1,0,0,0,0,1,1,1,0,0,1,1,1,2,2,2,3,0,1,1,0,2,2,0,1,0,1,2,5,1,0
1,4,4,5,5,0.3553719008441233,0.2560048675697335,0.2774942828349492,7,2,1,0,1,2,1,0,1,1,3,2,1,2,3,3,1,1,1,1,0,2,2,1,1,0,4,6,6,2,0
0,2,2,1,1,0.5041293001243747,0.4019442411205329,0.4019442411205329,2,2,0,1,0,1,1,0,1,1,1,2,1,2,1,1,3,1,0,0,0,2,1,1,1,0,1,2,5,0,1
0,1,2,1,1,0.3553719008441233,0.2560048675697335,0.2068230990908619,1,0,0,0,0,1,1,1,3,1,2,3,1,3,3,1,3,0,0,1,0,2,2,0,0,1,0,1,3,1,1
1,2,2,2,2,0.7254294964422535,0.3924051042901554,0.5062032724614461,2,1,1,0,1,3,1,1,2,1,2,3,1,3,2,2,2,1,1,1,0,3,3,0,1,0,3,2,2,2,1
1,2,2,2,2,0.2568807343877629,0.3924051042901554,0.3464152991515907,3,2,1,1,1,3,1,1,3,1,2,3,1,3,2,2,2,1,0,1,0,2,3,0,1,0,2,2,3,1,1
1,2,2,2,2,0.5041293001243747,0.5444138749750935,0.557835589399299,2,3,1,1,1,3,1,1,3,1,1,3,1,3,2,2,2,1,0,1,0,3,3,1,1,0,2,2,2,1,1
1,2,2,2,2,0.3553719008441233,0.2560048675697335,0.3325968600857093,4,1,1,1,0,3,1,0,0,0,2,2,1,3,2,2,1,2,2,1,1,2,2,1,1,0,6,4,4,0,0
0,1,2,1,1,0.7254294964422535,0.431284270194226,0.4913865546218487,2,2,1,0,0,1,0,0,0,0,1,1,0,3,1,1,1,2,2,0,0,2,1,1,0,1,7,3,4,2,2
0,2,2,2,1,0.4979663383385758,0.5727612338639113,0.5065741346176669,3,2,1,1,1,3,0,0,1,1,3,2,1,3,2,2,1,2,2,1,0,2,3,1,1,0,6,2,3,2,1
0,3,3,5,5,0.2568807343877629,0.2312931317475115,0.1818216133781392,1,0,0,0,0,2,1,0,2,0,1,2,1,2,1,1,2,0,0,0,0,2,2,0,1,0,1,7,4,1,0
1,1,2,2,1,0.3553719008441233,0.6028848047056141,0.6045206383292184,2,0,1,0,0,1,0,0,1,1,1,3,1,2,2,1,2,0,0,0,0,2,2,1,0,1,1,2,4,2,2
1,2,2,2,2,0.2568807343877629,0.3924051042901554,0.3464152991515907,2,0,1,1,0,2,1,1,1,1,1,2,1,3,1,2,3,0,0,1,0,2,3,0,1,0,0,2,3,0,1
1,3,3,2,2,0.7342055546273047,0.6028848047056141,0.4012782538087797,3,2,1,0,1,2,0,0,1,1,2,2,1,2,2,1,2,1,1,0,0,2,2,1,1,0,3,3,4,3,2
1,1,2,2,2,0.3553719008441233,0.2560048675697335,0.2068230990908619,1,2,0,0,0,1,0,0,0,0,1,1,0,1,2,1,2,1,2,0,0,1,1,0,0,1,5,4,7,2,2
1,1,2,1,1,0.5055446394403083,0.4690232345327208,0.6251162574106005,1,0,1,0,1,2,0,0,1,1,1,2,0,2,2,2,1,2,2,0,0,2,1,1,0,1,7,2,6,3,2
0,3,1,5,2,0.2813321005719086,0.3924051042901554,0.3464152991515907,3,0,0,0,1,2,0,0,0,0,3,2,1,2,2,2,2,2,2,0,0,2,2,1,1,0,5,4,5,3,0
0,2,3,2,1,0.2568807343877629,0.3924051042901554,0.3485496690247472,2,0,1,0,0,1,1,1,3,1,2,3,1,3,3,2,3,0,0,1,1,3,3,0,1,0,0,1,2,1,1
1,1,2,2,2,0.2568807343877629,0.2312931317475115,0.1818216133781392,1,0,1,0,0,1,0,0,0,1,1,1,0,2,2,3,2,2,2,0,0,2,2,0,1,0,6,3,6,2,2
0,3,2,5,5,0.2568807343877629,0.2312931317475115,0.1818216133781392,1,2,1,1,0,2,1,1,1,1,1,2,1,3,2,1,2,1,1,1,0,3,2,1,1,0,3,5,2,0,0
1,2,2,2,2,0.2568807343877629,0.3924051042901554,0.3464152991515907,1,1,0,0,1,3,1,1,1,1,1,3,1,3,3,2,3,1,0,1,0,2,2,0,0,1,1,2,4,2,1
0,1,2,2,1,0.7342055546273047,0.5727612338639113,0.47073868350099,3,1,1,0,0,1,0,1,1,1,1,2,1,2,2,1,2,0,1,0,1,3,2,0,1,0,2,1,3,2,1
0,2,1,2,2,0.5041293001243747,0.5277634595901657,0.433182665870381,2,2,1,1,1,3,0,0,2,0,2,3,0,1,1,1,2,0,2,0,0,3,2,0,1,0,4,4,4,2,2
1,2,2,2,2,0.2568807343877629,0.2312931317475115,0.1818216133781392,2,0,1,1,1,3,1,1,3,1,2,3,1,3,2,2,2,1,1,1,1,3,2,1,1,0,3,2,3,1,1
1,2,2,2,2,0.2568807343877629,0.2312931317475115,0.1818216133781392,2,0,1,1,0,2,1,1,3,1,2,2,0,2,2,2,2,0,0,1,1,2,1,1,1,0,2,2,6,0,1
0,1,1,2,2,0.2813321005719086,0.3924051042901554,0.3485496690247472,2,3,1,1,1,3,1,1,3,1,3,3,1,3,3,1,3,1,0,1,0,2,3,0,0,1,1,2,2,1,1
1,2,2,3,1,0.4979663383385758,0.3924051042901554,0.3485496690247472,2,2,0,0,1,2,0,0,1,0,1,1,0,1,1,1,1,2,2,0,0,1,1,1,0,1,7,3,7,3,2
1,4,4,6,2,0.3553719008441233,0.2560048675697335,0.2774942828349492,2,0,1,0,1,3,0,0,1,1,1,2,1,3,3,1,3,1,1,0,0,2,2,1,1,0,2,3,3,3,0
1,2,1,2,2,0.5041293001243747,0.3924051042901554,0.5062032724614461,2,1,1,0,0,1,0,0,0,0,1,1,0,1,2,1,1,1,1,0,0,1,1,1,1,0,5,4,7,2,2
1,1,3,2,1,0.4730210191672236,0.58079526080885,0.6209859275516705,2,1,1,1,0,1,1,1,1,1,1,2,1,3,1,2,2,0,0,1,0,2,2,1,1,0,1,1,4,0,1
1,2,1,1,1,0.5055446394403083,0.5277634595901657,0.5195136717366,1,0,1,0,1,3,0,0,0,0,1,1,1,2,2,1,1,1,2,0,0,1,2,0,1,0,5,3,5,3,2
0,2,2,1,1,0.5041293001243747,0.4019442411205329,0.4019442411205329,2,2,1,0,0,1,0,0,1,0,1,1,0,1,1,2,1,2,2,0,0,1,1,0,0,1,7,3,8,2,2
0,2,2,2,2,0.2568807343877629,0.2312931317475115,0.1818216133781392,1,2,1,1,0,2,1,0,2,1,1,3,1,3,3,1,3,0,0,1,0,3,3,0,1,0,0,3,1,0,1
0,1,2,1,1,0.2813321005719086,0.5277634595901657,0.5195136717366,2,0,0,0,0,1,0,0,0,0,2,2,0,2,2,2,2,0,2,0,0,2,2,0,1,0,4,3,5,2,2
0,2,2,3,3,0.5041293001243747,0.6028848047056141,0.4911856615764921,2,2,1,0,0,1,0,0,1,1,2,2,1,3,2,1,2,1,1,1,0,3,2,0,1,0,3,4,2,2,0
1,1,1,2,1,0.5236582634987461,0.5277634595901657,0.433182665870381,1,2,1,1,1,3,1,1,1,1,1,2,0,2,2,1,2,1,0,1,1,2,2,1,0,1,3,1,4,1,1
1,2,3,2,2,0.2568807343877629,0.3924051042901554,0.3464152991515907,3,3,1,1,0,1,1,1,3,1,1,3,1,2,2,2,2,0,0,0,0,2,2,1,1,0,1,2,5,0,1
1,2,2,1,1,0.2568807343877629,0.2312931317475115,0.1818216133781392,2,0,0,0,0,1,0,0,0,0,1,1,0,1,2,1,3,1,2,0,0,1,1,0,1,0,4,3,7,2,2
0,1,2,1,1,0.2568807343877629,0.2312931317475115,0.1818216133781392,1,0,0,0,0,1,0,0,0,0,1,1,0,1,2,2,2,1,1,0,0,2,1,0,0,1,4,3,7,2,2
0,2,2,4,4,0.2568807343877629,0.2312931317475115,0.1818216133781392,2,0,0,0,0,2,1,0,0,0,1,1,0,1,3,1,3,1,1,0,0,1,1,0,1,0,3,6,7,1,0
1,2,3,2,2,0.2568807343877629,0.2312931317475115,0.1818216133781392,2,0,0,0,0,1,1,0,1,1,1,1,1,2,2,2,2,1,1,1,0,2,2,0,1,0,3,3,5,1,0
0,1,2,1,1,0.4730210191672236,0.3924051042901554,0.3485496690247472,2,2,1,1,1,1,0,1,1,1,1,2,1,3,2,2,2,1,1,1,0,3,2,1,0,1,3,1,3,2,1
1,2,2,1,1,0.4730210191672236,0.4690232345327208,0.6251162574106005,1,0,0,0,0,1,0,0,0,0,1,2,1,2,1,3,1,1,1,0,0,3,1,0,1,0,4,3,6,2,2
0,1,2,1,1,0.3553719008441233,0.4690232345327208,0.2652017323423765,1,1,0,0,0,1,0,0,0,0,1,2,0,1,3,1,3,1,1,0,0,2,2,0,0,0,3,3,5,2,2
1,1,2,1,1,0.4423093152874278,0.5727612338639113,0.3485496690247472,1,2,1,0,1,3,1,0,1,1,1,2,1,2,2,2,2,1,1,0,0,2,2,0,0,1,3,2,5,2,2
1,2,2,2,1,0.2568807343877629,0.2312931317475115,0.5178983703117349,1,0,0,0,0,1,0,0,0,0,1,1,0,1,3,2,2,0,0,0,1,2,2,1,1,0,2,3,6,2,2
1,3,2,2,1,0.3553719008441233,0.3924051042901554,0.5062032724614461,1,0,1,0,0,1,0,0,0,0,1,1,0,1,2,3,3,0,0,0,0,2,1,0,0,0,1,3,8,2,2
0,1,2,1,1,0.3553719008441233,0.2560048675697335,0.3629994804424569,3,3,1,1,1,3,1,0,3,1,3,3,1,3,2,1,3,0,0,1,0,3,2,1,1,0,0,2,2,1,1
0,1,2,2,2,0.2568807343877629,0.3924051042901554,0.3464152991515907,2,0,1,0,0,1,1,1,3,1,1,2,1,3,3,1,3,1,1,1,0,3,3,0,1,0,2,2,1,1,1
0,1,1,1,1,0.2813321005719086,0.5727612338639113,0.3713837828371839,1,0,0,0,1,3,0,0,1,1,1,3,1,3,2,2,3,1,1,0,0,2,2,0,0,1,2,2,4,3,2
0,2,2,4,4,0.2568807343877629,0.2312931317475115,0.1818216133781392,2,1,0,0,0,1,0,0,2,1,1,1,0,1,1,2,1,2,2,0,0,1,1,0,1,0,7,5,8,2,0
0,2,3,2,2,0.2568807343877629,0.2312931317475115,0.1818216133781392,2,2,1,1,1,3,1,1,3,1,1,3,1,3,2,2,2,0,1,1,0,2,3,0,1,0,2,2,3,1,1
0,1,1,2,2,0.5055446394403083,0.5727612338639113,0.5569570005567268,1,2,1,0,1,3,0,0,2,1,1,1,1,1,2,1,1,2,2,0,0,3,1,1,0,1,6,3,5,3,2
1,2,2,1,1,0.2568807343877629,0.2312931317475115,0.1818216133781392,2,0,0,0,0,1,1,1,0,0,1,2,0,2,2,1,2,0,1,1,0,2,2,0,0,1,3,2,4,1,0
0,1,1,1,1,0.3553719008441233,0.4690232345327208,0.2652017323423765,1,0,1,0,0,1,1,1,0,1,1,2,1,2,2,2,2,0,0,1,0,3,2,0,0,1,1,1,4,1,1
1,2,3,2,2,0.2568807343877629,0.3924051042901554,0.3485496690247472,2,3,1,1,1,3,1,1,2,1,1,3,1,3,2,2,2,1,1,1,0,2,2,0,1,0,3,2,4,1,1
0,3,2,3,2,0.3553719008441233,0.2560048675697335,0.3629994804424569,1,1,1,1,1,3,1,0,1,1,3,3,1,2,2,2,2,0,0,1,0,2,2,1,1,0,1,3,5,1,1
1,2,2,1,1,0.2568807343877629,0.2312931317475115,0.1818216133781392,1,0,0,0,1,2,0,0,1,1,1,1,1,2,2,3,2,2,2,0,0,2,2,1,1,0,5,2,6,3,2
1,2,2,1,1,0.3553719008441233,0.2560048675697335,0.3325968600857093,2,2,0,1,0,1,1,1,0,0,1,3,1,3,3,1,2,1,0,1,0,3,3,1,1,0,2,2,1,0,1
0,1,2,2,2,0.5055446394403083,0.3924051042901554,0.4498825798447005,3,2,1,1,1,3,1,1,3,1,2,3,1,3,2,1,2,0,0,1,0,3,3,0,0,1,1,2,1,1,1
0,2,3,2,2,0.5055446394403083,0.3924051042901554,0.3464152991515907,2,2,1,0,1,3,0,0,1,1,2,2,0,2,2,2,2,2,2,0,0,2,1,1,1,0,6,3,6,3,2
0,3,1,4,4,0.3553719008441233,0.3924051042901554,0.3464152991515907,3,3,0,1,0,1,1,1,1,1,1,3,1,3,2,2,2,0,0,1,0,3,3,1,1,0,1,4,2,0,0
1,2,2,3,1,0.3553719008441233,0.2560048675697335,0.4689015395923673,1,0,1,0,0,3,1,1,3,1,1,3,1,3,1,2,2,0,0,0,0,3,3,1,1,0,1,1,2,1,1
1,1,2,1,1,0.5041293001243747,0.5277634595901657,0.433182665870381,2,1,1,1,0,1,0,0,2,1,3,1,0,2,2,2,1,2,2,0,1,1,1,1,0,1,7,2,7,1,2
1,3,4,3,3,0.3553719008441233,0.2560048675697335,0.2774942828349492,3,3,1,1,1,3,1,1,2,1,1,3,1,2,2,2,2,0,0,1,1,3,3,1,1,0,1,3,3,1,1
1,2,2,2,1,0.2568807343877629,0.5697065570083024,0.5413865546218488,1,0,0,0,1,2,0,0,0,0,1,1,0,1,2,2,1,2,2,0,0,1,1,0,0,1,7,3,8,3,2
1,3,1,1,1,0.5055446394403083,0.5277634595901657,0.433182665870381,1,0,1,0,1,3,0,0,0,0,1,2,1,3,2,1,2,1,1,0,0,3,2,0,1,0,3,3,2,3,2
0,2,1,3,1,0.7254294964422535,0.4690232345327208,0.6251162574106005,1,2,1,0,0,1,0,0,1,1,1,2,0,1,1,3,1,2,2,0,0,1,1,0,1,0,7,2,9,2,2
1,3,3,1,1,0.2568807343877629,0.3924051042901554,0.3464152991515907,3,0,1,0,0,1,1,1,3,1,1,3,1,3,3,2,2,0,0,1,1,2,3,1,1,0,1,1,3,1,1
0,1,2,1,1,0.3553719008441233,0.2560048675697335,0.2774942828349492,7,3,1,1,1,3,1,1,1,1,3,3,1,3,2,3,1,2,0,0,0,2,2,0,0,1,4,1,5,1,1
0,1,2,2,1,0.5055446394403083,0.6028848047056141,0.6045206383292184,1,0,0,0,0,1,1,0,0,0,1,2,1,2,2,1,3,1,2,0,0,2,2,0,1,0,3,3,4,1,2
0,3,2,1,1,0.3553719008441233,0.494729193738419,0.4860613946318852,2,2,1,0,0,2,0,0,0,0,3,1,0,1,2,2,2,1,1,0,0,2,1,1,1,0,4,3,7,2,2
1,3,1,2,2,0.5055446394403083,0.3904656642109549,0.3904656642109549,1,0,0,0,0,2,0,0,0,0,1,2,0,1,2,2,2,2,2,0,1,1,1,1,1,0,6,4,8,2,2
0,1,2,1,1,0.5569570005567268,0.5727612338639113,0.5062032724614461,2,3,1,0,0,1,1,1,1,1,1,2,1,3,3,1,3,0,1,1,0,2,2,1,1,0,1,1,3,1,1
1,2,2,2,2,0.3553719008441233,0.2560048675697335,0.2068230990908619,2,3,1,1,1,3,1,1,2,1,2,2,1,3,2,2,2,0,2,1,0,3,2,1,1,0,3,2,3,1,1
1,2,2,2,2,0.2568807343877629,0.2312931317475115,0.1818216133781392,1,0,0,0,0,1,0,0,1,1,1,1,0,2,1,2,2,2,2,0,0,2,1,0,1,0,6,3,6,2,2
0,1,1,2,1,0.2813321005719086,0.58079526080885,0.4413865546218487,2,2,1,0,1,2,0,0,0,0,3,2,1,3,1,2,2,0,2,1,1,3,3,1,0,1,3,3,2,3,1
0,2,2,3,2,0.3553719008441233,0.2560048675697335,0.2774942828349492,1,1,1,0,1,3,1,1,1,1,2,2,1,2,2,2,2,1,1,0,0,2,2,1,1,0,3,2,5,2,1
1,1,2,3,3,0.4663865546218487,0.58079526080885,0.4413865546218487,2,2,1,1,0,1,1,1,2,1,1,3,1,3,2,2,2,1,0,1,0,3,3,0,1,0,2,3,2,0,1
0,1,3,2,1,0.4663865546218487,0.6028848047056141,0.6045206383292184,2,1,1,0,0,1,0,1,1,1,1,2,1,2,2,2,2,2,2,0,0,2,2,1,1,0,5,1,5,2,2
0,1,1,2,2,0.7254294964422535,0.4690232345327208,0.6251162574106005,2,0,1,1,0,1,1,0,2,1,1,2,0,2,2,1,1,1,1,1,0,2,2,0,0,1,5,3,4,0,2
0,2,2,1,1,0.4663865546218487,0.4690232345327208,0.2652017323423765,2,0,0,0,0,1,0,0,0,0,1,1,1,2,2,2,3,1,1,0,1,2,1,0,1,0,2,3,6,2,2
0,2,2,2,1,0.6004666455841483,0.5727612338639113,0.47073868350099,2,0,1,0,1,3,0,0,2,1,1,2,1,2,2,1,2,0,1,0,0,2,2,1,1,0,2,2,4,3,2
0,2,2,2,1,0.5569570005567268,0.5727612338639113,0.5062032724614461,1,0,0,0,0,2,0,0,0,0,1,1,0,1,2,2,3,2,1,0,0,1,1,0,0,1,4,3,8,2,2
1,2,3,1,1,0.3553719008441233,0.2560048675697335,0.2068230990908619,3,2,1,0,1,3,1,1,3,1,2,3,1,3,2,2,2,0,0,1,0,3,2,1,1,0,1,1,3,2,1
0,2,3,2,2,0.3553719008441233,0.2560048675697335,0.2068230990908619,1,3,0,0,0,1,0,1,0,0,1,2,1,2,1,2,1,0,0,1,0,3,2,0,0,1,2,3,4,2,0
0,2,3,3,2,0.7254294964422535,0.431284270194226,0.5065741346176669,3,1,0,0,1,3,0,1,2,1,2,1,1,2,2,3,3,1,2,1,0,3,2,1,1,0,3,2,5,3,1
1,1,1,2,2,0.5055446394403083,0.5277634595901657,0.4498825798447005,1,3,1,0,1,3,0,0,1,0,1,1,0,1,1,2,1,2,2,0,0,1,1,1,1,0,7,4,8,3,2
1,2,2,2,2,0.2813321005719086,0.4690232345327208,0.6251162574106005,2,3,1,1,1,3,1,1,3,1,1,3,1,3,2,2,2,1,0,1,0,3,3,0,1,0,2,2,2,1,1
0,1,2,1,1,0.2813321005719086,0.58079526080885,0.4413865546218487,2,2,1,0,0,2,1,0,1,1,2,1,0,1,1,1,2,2,2,0,0,2,1,0,0,1,6,2,6,1,2
1,1,1,1,1,0.2568807343877629,0.5697065570083024,0.5413865546218488,1,0,0,0,0,1,0,0,0,0,1,1,0,1,1,1,3,1,1,0,0,2,1,0,0,1,3,3,6,2,2
0,2,3,1,1,0.3553719008441233,0.2560048675697335,0.2068230990908619,2,4,1,1,1,3,1,1,3,1,2,3,1,3,1,2,2,1,1,1,1,3,3,1,1,0,3,1,2,1,1
0,2,1,2,1,0.5055446394403083,0.5277634595901657,0.433182665870381,1,1,1,1,1,3,1,0,1,1,3,2,1,3,3,1,1,0,1,1,0,2,2,1,1,0,3,2,3,1,1
1,1,1,1,1,0.5055446394403083,0.5277634595901657,0.433182665870381,1,3,1,0,1,3,1,0,1,1,1,2,1,3,3,2,2,1,1,1,0,2,2,1,0,1,3,2,4,2,1
0,3,2,2,2,0.2568807343877629,0.2312931317475115,0.1818216133781392,1,2,1,0,0,1,1,1,2,1,1,3,1,3,2,1,3,1,0,1,0,3,3,1,1,0,1,2,1,1,1
0,2,2,2,2,0.2568807343877629,0.2312931317475115,0.1818216133781392,2,4,1,1,1,2,1,1,3,1,2,3,1,3,2,2,2,0,0,1,1,2,2,1,1,0,1,2,4,1,1
1,1,2,1,1,0.3553719008441233,0.2560048675697335,0.2068230990908619,1,0,1,0,0,3,0,0,1,0,1,1,1,2,2,1,1,2,1,1,0,2,2,1,0,1,5,3,4,2,2
0,1,2,1,1,0.7254294964422535,0.5277634595901657,0.5643102290371507,2,0,1,1,0,1,0,0,1,1,1,3,1,3,2,2,2,1,1,1,0,3,2,1,0,1,3,2,3,1,1
1,2,2,1,1,0.3553719008441233,0.2560048675697335,0.2774942828349492,1,0,0,0,1,2,0,0,1,1,1,3,1,3,2,1,2,1,1,1,0,2,2,1,1,0,3,2,3,3,0
1,2,2,2,2,0.5041293001243747,0.5277634595901657,0.5643102290371507,2,2,1,0,0,1,0,0,0,0,2,1,0,1,1,2,1,2,2,1,1,1,1,0,0,1,7,4,8,2,2
0,2,2,2,2,0.2568807343877629,0.2312931317475115,0.1818216133781392,2,2,1,1,1,3,1,1,1,1,1,3,1,3,2,2,2,2,0,1,0,3,3,1,0,1,3,2,2,1,1
0,2,2,2,2,0.5055446394403083,0.3924051042901554,0.4498825798447005,3,1,1,1,1,3,1,1,2,1,2,2,1,3,2,1,3,0,0,1,0,2,2,0,1,0,0,2,3,1,1
1,2,2,1,1,0.2568807343877629,0.2312931317475115,0.1818216133781392,1,0,0,0,0,1,0,0,3,1,1,1,1,3,1,2,1,1,1,0,1,1,2,0,1,0,4,2,5,2,0
0,1,2,2,2,0.2813321005719086,0.494729193738419,0.5188898574495677,2,3,1,1,1,3,1,1,3,1,3,3,1,3,3,1,3,1,0,1,0,2,3,0,1,0,1,2,2,1,1
1,1,3,1,1,0.4239590626609834,0.4239590626609834,0.435687907264296,1,1,0,0,0,2,0,0,1,1,1,2,0,2,2,1,1,2,2,0,0,2,1,0,0,1,7,2,5,2,2
0,2,3,2,1,0.2813321005719086,0.5727612338639113,0.47073868350099,3,1,1,1,1,2,1,1,2,1,2,3,1,2,2,3,1,1,1,0,1,2,2,1,1,0,4,1,6,1,1
1,2,3,2,2,0.2568807343877629,0.2312931317475115,0.4483344683362005,2,1,0,0,0,1,0,0,2,1,1,2,1,2,1,2,2,1,1,0,0,2,2,1,1,0,3,3,5,2,0
1,1,2,1,1,0.3553719008441233,0.4690232345327208,0.6251162574106005,1,1,1,0,0,1,0,0,0,0,1,2,0,2,2,1,2,1,0,1,0,1,2,0,1,0,3,3,5,2,2
0,1,2,1,1,0.5041293001243747,0.4019442411205329,0.4019442411205329,2,2,1,1,1,1,0,0,1,1,1,3,1,2,3,2,3,1,1,0,0,2,2,1,0,1,2,2,5,2,1
0,2,2,3,1,0.5041293001243747,0.4690232345327208,0.6251162574106005,1,2,1,0,1,3,0,0,0,0,1,1,0,1,3,2,2,2,1,0,0,2,1,1,0,1,5,3,7,3,2
0,2,2,1,1,0.2813321005719086,0.3904656642109549,0.3904656642109549,2,3,1,1,1,3,1,1,1,1,1,3,1,3,2,2,2,1,0,1,1,2,2,0,1,0,2,1,4,1,1
1,2,2,1,1,0.4979663383385758,0.3904656642109549,0.3904656642109549,1,1,0,0,0,1,0,0,0,0,1,1,0,1,3,2,2,1,1,0,0,1,1,1,0,1,4,3,8,2,2
0,1,2,1,1,0.6004666455841483,0.5277634595901657,0.5195136717366,1,1,0,0,0,1,0,0,0,0,1,1,0,1,1,3,1,2,2,0,1,1,1,0,0,1,7,3,9,2,2
0,2,1,3,2,0.5041293001243747,0.5277634595901657,0.4012782538087797,2,3,1,0,0,1,0,0,1,0,1,3,1,1,2,1,2,2,2,0,0,3,1,0,1,0,5,4,5,2,2
0,2,2,3,3,0.4979663383385758,0.5727612338639113,0.4194000662735777,3,1,0,1,0,3,1,1,0,0,1,2,1,2,2,2,2,1,2,1,0,2,2,0,0,1,4,4,5,0,0
1,2,2,2,2,0.2568807343877629,0.3924051042901554,0.3464152991515907,3,4,1,1,1,3,1,1,3,1,1,3,1,3,2,2,2,1,1,1,0,3,3,0,1,0,3,2,2,1,1
1,1,2,1,1,0.3553719008441233,0.2560048675697335,0.4194000662735777,1,0,1,0,0,1,0,0,1,1,2,2,1,3,2,1,2,1,1,0,0,2,2,1,0,1,3,2,3,2,2
0,1,2,2,2,0.2813321005719086,0.5727612338639113,0.5065741346176669,2,2,1,1,1,3,0,0,1,1,3,2,1,3,3,3,1,2,2,0,0,2,2,1,0,1,6,3,5,2,2
1,1,2,1,1,0.2568807343877629,0.2312931317475115,0.1818216133781392,2,0,0,0,0,1,0,0,3,0,1,1,1,2,2,2,2,0,0,0,0,2,3,0,0,1,1,3,4,2,0
0,1,1,2,1,0.5055446394403083,0.5088547359679307,0.4913865546218487,2,1,1,0,1,2,0,0,1,1,2,2,1,2,1,2,2,0,1,0,0,2,2,1,0,1,2,2,5,3,2
1,1,2,2,1,0.5041293001243747,0.6028848047056141,0.6045206383292184,2,2,1,1,1,3,0,0,1,0,1,1,1,1,2,2,1,1,2,0,0,1,1,1,0,1,5,3,8,2,2
1,1,2,1,1,0.7254294964422535,0.4690232345327208,0.6251162574106005,1,2,1,1,0,1,0,0,1,1,1,3,1,2,2,1,3,2,1,0,0,2,1,1,0,1,3,2,5,1,2
1,2,2,3,2,0.2568807343877629,0.2312931317475115,0.1818216133781392,1,1,1,0,0,1,0,0,1,1,1,1,0,2,2,1,2,2,0,0,0,2,1,1,1,0,4,3,5,2,0
1,1,2,1,1,0.3553719008441233,0.5727612338639113,0.4194000662735777,2,3,1,1,0,1,0,0,0,0,1,1,0,2,2,2,2,2,2,0,0,2,2,0,0,1,6,3,5,1,2
1,1,1,1,1,0.3553719008441233,0.5727612338639113,0.47073868350099,1,0,0,0,0,1,0,0,0,0,1,1,0,1,3,1,2,1,1,0,1,1,1,0,0,1,4,3,7,2,2
1,1,2,1,1,0.4979663383385758,0.431284270194226,0.4174131178978558,1,1,1,0,1,2,0,0,0,0,1,1,0,2,2,2,2,2,2,0,1,1,1,0,0,1,6,3,7,3,2
0,1,2,1,1,0.5041293001243747,0.5277634595901657,0.5643102290371507,2,1,1,0,0,1,1,0,1,1,2,2,1,2,1,2,3,0,1,0,0,2,2,0,0,1,1,2,5,1,1
1,1,2,1,1,0.2568807343877629,0.2312931317475115,0.1818216133781392,1,0,0,0,0,1,0,0,0,0,1,1,0,1,2,2,2,2,2,0,0,1,1,0,0,1,6,3,8,2,2
1,1,2,1,1,0.5055446394403083,0.5277634595901657,0.433182665870381,1,1,1,0,1,3,0,0,0,0,1,2,0,1,1,2,2,2,1,1,0,2,2,0,0,1,5,3,6,3,2
0,2,2,1,1,0.5041293001243747,0.6028848047056141,0.6045206383292184,2,1,1,0,0,1,1,0,0,0,1,2,1,1,1,1,2,0,0,1,0,3,2,0,1,0,1,3,4,1,1
1,1,1,2,2,0.3553719008441233,0.4690232345327208,0.2652017323423765,2,0,0,0,0,1,1,1,0,1,1,3,1,2,2,1,2,1,0,1,1,2,2,0,0,1,2,2,4,1,1
1,1,2,1,1,0.5041293001243747,0.4690232345327208,0.6251162574106005,2,2,1,1,1,3,1,1,3,1,2,2,1,3,2,2,2,0,0,1,0,3,3,0,1,0,1,1,2,1,1
0,3,3,3,1,0.3553719008441233,0.3924051042901554,0.3464152991515907,2,1,1,0,0,2,0,0,0,0,1,2,1,3,3,3,2,0,2,0,0,2,2,0,1,0,3,3,5,2,0
1,2,2,2,2,0.3553719008441233,0.2560048675697335,0.2068230990908619,1,1,1,0,1,3,1,1,2,1,1,3,1,3,3,2,3,1,1,1,0,3,3,1,1,0,2,2,2,2,1
1,1,3,1,1,0.3553719008441233,0.6028848047056141,0.6045206383292184,3,2,1,1,0,1,1,1,1,1,2,2,1,2,2,2,2,0,0,1,0,2,2,0,0,1,1,1,5,0,1
1,2,2,1,1,0.5041293001243747,0.4019442411205329,0.4019442411205329,2,2,1,1,0,1,0,0,1,1,2,2,0,3,2,1,2,2,2,0,0,1,2,0,1,0,6,2,4,1,2
1,2,1,1,1,0.2568807343877629,0.2312931317475115,0.1818216133781392,1,0,0,0,0,1,0,0,0,0,1,1,1,2,2,1,2,1,0,0,0,3,3,1,1,0,2,3,2,2,0
0,1,2,1,1,0.3553719008441233,0.2560048675697335,0.3629994804424569,2,1,1,0,1,3,0,0,3,1,1,3,0,3,3,3,3,2,2,1,0,3,3,1,0,1,5,2,3,3,1
1,2,2,2,2,0.2568807343877629,0.2312931317475115,0.1818216133781392,2,0,1,0,0,1,0,1,0,1,1,1,1,2,2,2,2,0,0,1,0,2,2,0,1,0,1,2,5,2,0
1,2,3,2,1,0.2568807343877629,0.2312931317475115,0.1818216133781392,1,0,0,1,0,1,0,0,1,1,1,1,1,3,2,2,1,2,2,0,0,2,2,0,1,0,6,2,4,1,0
1,1,1,1,1,0.7254294964422535,0.4690232345327208,0.6251162574106005,1,0,0,0,0,1,0,0,3,0,1,1,1,2,2,1,3,0,0,0,0,2,1,0,1,0,0,3,5,2,2
1,3,1,1,1,0.5055446394403083,0.5697065570083024,0.5413865546218488,1,0,0,0,0,2,0,1,0,0,1,2,1,3,3,1,3,1,2,1,0,3,3,1,1,0,3,2,1,2,0
0,1,1,1,1,0.6004666455841483,0.494729193738419,0.5188898574495677,2,0,1,0,0,1,0,0,2,1,1,2,1,2,2,3,2,0,1,0,0,2,2,0,0,1,2,2,6,2,2
0,2,3,2,2,0.2568807343877629,0.2312931317475115,0.1818216133781392,2,4,1,1,1,3,1,1,3,1,1,3,1,3,2,2,2,0,0,1,0,2,3,1,1,0,1,2,3,1,1
1,1,2,1,1,0.3553719008441233,0.2560048675697335,0.2068230990908619,2,1,0,0,1,3,0,0,1,0,1,2,0,2,3,3,2,1,1,1,0,2,2,0,0,1,4,3,6,3,2
0,1,2,1,1,0.7254294964422535,0.5277634595901657,0.5195136717366,2,1,0,0,1,2,0,0,3,0,1,1,0,2,2,2,3,1,2,0,0,2,2,0,0,1,4,3,5,3,2
0,2,1,2,1,0.7254294964422535,0.5088547359679307,0.4913865546218487,1,0,1,0,0,1,0,0,2,1,2,1,0,2,2,1,2,1,1,0,0,2,2,0,0,1,4,2,4,2,2
0,2,3,2,1,0.7342055546273047,0.3924051042901554,0.3464152991515907,3,1,1,1,1,3,1,1,1,1,3,3,1,3,3,3,1,2,2,1,1,3,3,1,1,0,6,1,3,1,1
1,3,2,6,6,0.2568807343877629,0.3924051042901554,0.3464152991515907,4,0,0,0,0,1,0,0,2,1,2,2,1,3,3,1,3,0,1,1,0,3,3,0,0,0,1,7,1,2,0
0,3,2,4,1,0.5055446394403083,0.5727612338639113,0.520389961286879,2,0,0,0,0,2,0,0,0,0,2,1,0,3,1,2,1,2,2,0,0,1,1,0,1,0,7,3,6,2,2
0,3,2,1,1,0.5041293001243747,0.4019442411205329,0.4019442411205329,2,2,1,1,0,1,0,0,1,1,2,3,0,3,3,1,3,0,2,1,0,3,3,0,1,0,3,2,1,1,1
1,2,2,2,2,0.2568807343877629,0.2312931317475115,0.1818216133781392,2,1,0,0,0,2,0,0,2,0,1,1,0,1,3,2,2,0,0,0,0,1,1,0,1,0,2,4,8,2,0
1,1,1,1,1,0.2813321005719086,0.5277634595901657,0.4911856615764921,1,3,1,1,1,3,1,1,3,1,2,3,1,2,3,1,3,1,1,0,0,2,2,1,0,1,2,1,4,1,1
0,1,3,1,1,0.7342055546273047,0.431284270194226,0.4913865546218487,3,2,1,0,1,3,0,0,0,0,1,1,1,3,2,2,1,1,2,0,0,2,2,1,0,1,5,3,4,3,2
0,2,2,2,2,0.3553719008441233,0.2560048675697335,0.3629994804424569,2,1,1,0,1,3,0,0,3,1,1,1,0,1,2,2,1,2,2,0,0,1,1,0,1,0,7,3,8,3,2
0,1,2,1,1,0.2568807343877629,0.2312931317475115,0.1818216133781392,2,0,0,0,0,1,1,0,0,0,1,2,1,1,3,1,3,1,1,1,0,2,3,0,1,0,2,3,4,1,0
0,1,2,2,2,0.7254294964422535,0.4690232345327208,0.6251162574106005,2,1,1,0,1,2,0,0,1,1,1,2,1,2,2,3,1,2,2,0,1,2,2,0,0,1,6,3,6,3,2
1,1,1,2,2,0.5055446394403083,0.5277634595901657,0.5195136717366,1,2,1,1,1,3,0,1,2,1,1,2,1,2,2,2,2,2,2,0,0,1,2,1,0,1,5,2,6,2,2
1,2,2,2,1,0.2568807343877629,0.2312931317475115,0.1818216133781392,1,0,1,0,0,1,0,0,0,0,1,1,1,3,2,1,1,2,1,0,1,2,2,0,1,0,5,3,3,2,0
0,1,1,1,1,0.3553719008441233,0.4690232345327208,0.2652017323423765,2,0,1,0,1,3,1,1,2,1,1,3,1,3,2,2,2,0,0,1,0,2,2,0,0,1,1,1,4,2,1
0,2,2,3,3,0.2813321005719086,0.3924051042901554,0.3464152991515907,3,1,1,1,1,3,1,1,0,1,2,3,1,3,2,2,2,1,1,1,0,2,2,1,1,0,3,3,4,1,1
1,1,2,1,1,0.3553719008441233,0.2560048675697335,0.2774942828349492,2,1,1,0,0,2,0,0,0,0,1,2,0,2,2,1,1,2,2,0,0,2,1,0,1,0,7,3,5,2,2
1,3,4,4,4,0.3553719008441233,0.3924051042901554,0.4498825798447005,4,4,1,1,1,3,1,1,3,1,1,3,1,3,2,2,3,1,1,1,0,3,3,0,1,0,2,4,2,1,1
1,1,2,1,1,0.3553719008441233,0.58079526080885,0.4413865546218487,2,2,1,1,0,1,0,0,1,1,1,1,0,1,1,1,1,2,2,1,0,2,1,0,0,1,7,2,6,1,2
0,1,1,1,1,0.4663865546218487,0.5727612338639113,0.4020705871988475,1,1,1,1,1,3,1,1,1,1,3,1,1,1,3,1,3,2,2,1,1,1,3,1,1,0,4,1,5,1,1
0,2,2,2,1,0.7342055546273047,0.5727612338639113,0.5569570005567268,3,2,1,1,1,3,1,0,0,0,1,2,1,3,2,3,2,1,1,0,0,3,2,0,0,1,3,3,4,1,1
1,1,1,2,1,0.3553719008441233,0.4690232345327208,0.6251162574106005,2,0,1,1,0,1,0,0,1,1,1,2,1,2,1,2,1,1,1,0,0,2,2,1,0,1,4,2,5,1,2
1,1,2,2,2,0.2568807343877629,0.2312931317475115,0.1818216133781392,2,0,0,0,0,1,1,0,0,0,1,2,0,2,2,3,2,0,0,0,0,1,2,0,0,1,2,4,7,1,0
1,1,2,3,2,0.7254294964422535,0.4690232345327208,0.4498825798447005,1,2,1,0,0,1,0,0,0,0,1,1,0,1,2,3,2,0,1,0,0,1,3,1,1,0,3,4,7,2,2
0,2,1,3,1,0.5041293001243747,0.5697065570083024,0.5413865546218488,1,1,0,0,0,1,1,0,0,0,1,3,1,3,2,2,3,2,0,0,1,3,2,0,1,0,2,3,3,1,0
0,1,2,1,1,0.6004666455841483,0.3924051042901554,0.3485496690247472,2,1,1,1,0,1,1,0,1,1,1,3,1,2,1,2,2,0,0,1,1,2,2,1,0,1,1,2,5,0,1
1,2,1,1,1,0.6004666455841483,0.5277634595901657,0.433182665870381,1,1,1,1,0,1,1,1,1,1,1,2,0,2,1,2,3,2,2,1,0,2,2,1,1,0,5,1,5,0,1
1,2,3,2,1,0.5055446394403083,0.3924051042901554,0.3464152991515907,2,2,1,0,1,2,1,0,0,0,2,2,0,3,1,3,1,0,2,0,0,2,2,0,0,1,5,3,5,2,2
1,1,1,1,1,0.5041293001243747,0.5277634595901657,0.5195136717366,2,2,0,0,0,1,0,0,1,1,1,3,1,3,2,2,2,1,1,0,0,3,1,1,0,1,3,2,4,2,2
0,2,4,3,3,0.3553719008441233,0.3924051042901554,0.3464152991515907,3,3,1,1,1,3,1,1,2,1,1,3,1,3,2,1,3,1,0,1,1,3,3,0,1,0,1,3,1,1,1
1,1,1,1,1,0.3553719008441233,0.4690232345327208,0.2652017323423765,1,0,0,0,0,1,0,0,0,0,1,2,0,2,1,2,2,1,2,0,0,2,1,0,0,1,5,3,6,2,2
0,1,2,1,1,0.3553719008441233,0.2560048675697335,0.2774942828349492,1,1,1,0,1,3,0,0,0,0,3,1,0,1,2,2,2,2,2,0,0,2,1,1,0,1,6,3,7,3,2
1,1,2,1,1,0.3553719008441233,0.2560048675697335,0.2774942828349492,1,1,0,1,1,3,0,1,1,1,2,2,1,2,2,3,2,2,2,1,1,2,2,1,0,1,5,1,6,2,2
1,2,2,4,1,0.2568807343877629,0.2312931317475115,0.1818216133781392,1,0,0,0,0,3,0,0,1,1,1,1,0,1,2,1,2,1,2,0,1,1,1,1,0,0,5,2,7,2,2
0,1,1,2,2,0.5041293001243747,0.6028848047056141,0.4911856615764921,2,1,1,1,1,3,0,1,2,1,1,2,0,2,2,1,2,0,1,0,0,2,2,1,1,0,3,2,4,2,1
1,1,2,1,1,0.4730210191672236,0.3924051042901554,0.4498825798447005,1,0,0,0,0,1,0,0,0,0,1,2,1,2,2,2,1,2,1,0,0,2,3,1,0,1,5,3,4,2,2
1,1,1,1,1,0.7254294964422535,0.4690232345327208,0.6251162574106005,2,0,1,1,1,3,0,0,1,1,1,2,0,1,1,2,2,0,0,0,0,2,2,0,0,1,2,2,6,2,2
1,2,2,1,1,0.3553719008441233,0.58079526080885,0.4413865546218487,2,2,1,0,0,1,1,1,1,1,1,1,1,3,2,3,2,1,1,1,0,3,2,0,1,0,3,1,4,1,1
0,3,2,3,3,0.2568807343877629,0.6028848047056141,0.6045206383292184,1,2,1,1,1,3,0,0,0,0,1,1,0,3,1,3,2,2,2,0,0,2,2,1,1,0,6,5,5,2,2
1,1,2,1,1,0.5055446394403083,0.3924051042901554,0.3464152991515907,1,3,1,0,1,2,0,0,0,0,1,1,0,2,2,1,2,2,2,0,0,2,1,1,0,1,6,3,5,3,2
0,2,2,2,1,0.7342055546273047,0.5727612338639113,0.4624682586537629,3,2,1,0,0,1,0,0,0,0,1,2,0,1,2,3,2,0,0,0,0,3,2,1,0,1,2,3,6,2,2
0,2,2,2,1,0.5041293001243747,0.58079526080885,0.6209859275516705,2,1,1,1,1,3,1,1,1,1,1,3,1,2,2,2,2,0,1,1,0,3,3,1,0,1,2,1,3,1,1
0,2,3,2,2,0.5041293001243747,0.58079526080885,0.6209859275516705,3,1,1,1,0,1,1,1,2,1,2,2,1,2,2,1,2,0,1,1,0,2,2,1,1,0,2,2,4,0,1
1,1,2,1,1,0.2568807343877629,0.3924051042901554,0.3485496690247472,1,0,0,0,0,1,0,0,0,0,1,1,1,2,2,2,3,1,2,0,0,1,2,0,0,1,3,3,6,2,2
1,2,2,1,1,0.3553719008441233,0.2560048675697335,0.2774942828349492,7,2,0,0,1,3,1,1,1,1,1,2,1,2,2,3,2,1,1,1,0,2,2,1,1,0,3,1,6,2,1
0,1,2,1,1,0.5041293001243747,0.6028848047056141,0.6045206383292184,3,2,1,0,1,2,0,0,0,0,1,2,1,2,2,2,2,1,1,1,0,3,2,1,0,1,3,3,4,3,2
1,1,2,2,1,0.2568807343877629,0.2312931317475115,0.1818216133781392,1,0,1,0,1,2,0,0,2,1,1,1,0,3,3,2,3,2,2,0,0,2,2,1,1,0,5,2,4,3,2
1,1,2,1,1,0.7254294964422535,0.4690232345327208,0.6251162574106005,1,1,0,1,0,1,0,0,0,0,2,1,0,1,2,1,3,2,2,0,1,1,1,1,0,1,5,3,7,1,2
0,1,2,1,1,0.3553719008441233,0.2560048675697335,0.3629994804424569,1,2,1,0,1,3,0,0,1,1,1,2,0,1,2,1,1,2,2,0,1,2,1,0,0,1,7,2,6,3,2
1,2,2,2,2,0.5236582634987461,0.3924051042901554,0.3464152991515907,3,1,1,1,1,3,1,1,1,1,3,3,1,2,3,3,1,0,1,1,1,3,3,1,1,0,3,2,4,1,1
0,2,1,3,3,0.5041293001243747,0.3924051042901554,0.3464152991515907,2,0,1,0,0,1,1,1,0,0,2,2,1,3,3,1,2,0,0,1,0,3,3,0,1,0,1,4,1,1,0
1,1,3,1,1,0.2568807343877629,0.2312931317475115,0.1818216133781392,1,0,1,0,0,1,0,0,1,0,1,1,0,1,2,2,1,2,2,0,0,1,1,0,0,1,7,3,8,2,2
0,1,2,1,1,0.5055446394403083,0.5727612338639113,0.3903093528618818,3,2,1,1,0,1,0,0,0,0,1,2,1,3,3,1,2,1,0,1,0,3,2,1,0,1,2,3,2,1,1
1,2,1,1,1,0.3553719008441233,0.2560048675697335,0.2068230990908619,1,0,0,0,1,3,1,1,0,1,1,3,1,2,2,1,3,0,1,0,0,1,1,1,0,1,1,1,6,2,2
1,2,2,2,2,0.2568807343877629,0.3924051042901554,0.3464152991515907,2,0,1,0,0,1,1,1,3,1,1,2,1,3,3,1,3,1,0,1,0,2,2,0,1,0,1,2,3,1,0
1,1,2,1,1,0.7254294964422535,0.4690232345327208,0.6251162574106005,1,0,1,0,0,1,0,0,1,1,1,2,1,3,1,3,1,0,0,1,0,3,2,1,0,1,2,2,4,2,2
0,3,1,3,1,0.3553719008441233,0.5697065570083024,0.5413865546218488,1,2,1,0,1,3,1,0,0,0,1,1,1,2,2,2,3,0,2,1,1,2,2,0,1,0,2,3,5,2,2
1,1,2,2,1,0.5055446394403083,0.5277634595901657,0.433182665870381,1,2,1,1,1,3,0,0,1,1,1,2,0,2,2,1,2,2,2,0,0,2,1,1,0,1,6,2,5,2,2
0,2,2,2,2,0.4979663383385758,0.3924051042901554,0.3464152991515907,2,1,1,1,1,3,1,1,1,1,2,3,1,3,2,1,3,0,2,1,0,3,3,0,1,0,2,2,1,1,1
1,1,2,1,1,0.5569570005567268,0.58079526080885,0.4413865546218487,1,2,0,0,0,1,0,0,0,0,1,1,0,1,1,2,3,0,2,0,0,1,1,0,0,1,3,3,8,2,2
0,3,2,2,2,0.2568807343877629,0.2312931317475115,0.1818216133781392,1,2,1,0,0,2,0,0,1,1,1,2,1,2,2,1,2,2,2,0,0,2,2,0,1,0,5,3,4,2,0
1,2,2,2,2,0.3553719008441233,0.2560048675697335,0.2068230990908619,1,0,0,0,0,1,0,0,0,0,1,1,0,1,2,2,2,1,1,0,0,1,1,0,1,0,4,4,8,2,2
0,1,1,1,1,0.5055446394403083,0.5277634595901657,0.5643102290371507,1,0,0,0,1,3,0,0,0,0,1,1,1,2,2,1,2,2,1,0,0,3,2,0,0,1,4,3,3,3,2
0,2,3,2,2,0.2568807343877629,0.2312931317475115,0.4483344683362005,3,1,1,1,0,1,1,1,1,1,1,2,1,2,2,3,2,0,1,1,0,2,2,1,1,0,2,2,6,0,1
1,3,1,3,3,0.2568807343877629,0.3924051042901554,0.3485496690247472,2,1,1,0,0,2,1,0,3,1,1,3,1,3,3,1,3,1,0,1,0,3,3,0,0,0,1,4,1,1,0
1,2,2,1,1,0.3553719008441233,0.2560048675697335,0.2068230990908619,1,3,1,1,0,2,0,0,0,0,1,2,0,2,2,2,2,2,1,0,0,2,2,1,1,0,5,3,5,1,2
0,1,2,1,1,0.3553719008441233,0.2560048675697335,0.3325968600857093,1,0,0,0,0,1,0,1,1,0,1,2,1,1,2,2,2,2,2,0,1,2,2,1,0,1,5,2,6,2,2
0,2,2,2,2,0.2813321005719086,0.5444138749750935,0.557835589399299,2,2,1,0,0,1,0,0,1,1,1,2,1,3,1,3,1,2,2,0,0,2,2,1,1,0,6,3,5,2,2
1,1,1,2,2,0.7254294964422535,0.4690232345327208,0.2652017323423765,1,1,1,1,1,1,1,1,3,1,2,3,1,3,2,2,2,1,0,1,1,2,2,1,0,1,2,2,4,1,1
0,2,1,3,3,0.5041293001243747,0.6028848047056141,0.4911856615764921,2,2,1,1,0,3,1,0,0,0,1,2,1,2,1,3,1,2,2,0,0,2,2,0,1,0,6,5,6,0,2
1,1,1,2,2,0.5055446394403083,0.5277634595901657,0.4498825798447005,1,3,1,0,1,3,0,1,0,0,1,1,0,2,3,2,2,2,1,0,0,2,2,1,0,1,5,3,5,3,2
1,1,1,1,1,0.5041293001243747,0.5277634595901657,0.4498825798447005,1,1,1,0,1,2,0,0,0,0,1,2,0,2,2,3,2,2,2,1,0,2,2,0,0,1,6,3,6,3,2
0,2,2,2,2,0.4663865546218487,0.5277634595901657,0.4911856615764921,3,1,1,0,0,1,1,1,1,1,2,2,1,2,1,2,2,1,1,1,0,2,2,1,1,0,3,2,5,1,1
1,1,2,1,1,0.3553719008441233,0.4690232345327208,0.2652017323423765,1,0,1,1,1,3,0,0,1,0,1,1,0,1,3,1,2,2,2,0,0,1,1,1,0,1,6,3,7,2,2
1,1,1,2,2,0.5055446394403083,0.5277634595901657,0.5643102290371507,2,3,1,1,1,3,1,1,1,1,2,2,1,2,2,2,2,2,2,1,0,2,3,1,0,1,5,2,4,1,1
1,2,2,2,1,0.2568807343877629,0.2312931317475115,0.1818216133781392,2,1,1,0,1,2,0,0,0,0,1,1,0,1,1,2,3,2,2,0,0,2,1,1,1,0,5,3,7,3,2
1,1,2,2,1,0.3553719008441233,0.2560048675697335,0.2652017323423765,1,1,1,0,1,3,0,0,0,0,1,2,0,1,2,2,2,1,2,0,0,1,1,0,0,1,5,3,8,3,2
0,2,2,2,2,0.2568807343877629,0.2312931317475115,0.1818216133781392,1,0,0,0,0,1,1,0,0,0,1,2,0,2,2,2,2,0,0,1,0,2,2,0,1,0,2,4,5,1,0
0,2,1,1,1,0.5055446394403083,0.3904656642109549,0.3904656642109549,1,3,1,1,1,3,1,1,1,1,2,3,1,2,3,1,3,0,0,1,0,3,3,1,1,0,0,1,2,1,1
1,1,2,1,1,0.5041293001243747,0.5277634595901657,0.5195136717366,2,3,1,1,1,3,1,1,1,1,1,3,1,3,2,2,2,0,0,1,0,2,3,0,0,1,1,1,3,1,1
1,1,1,2,1,0.5041293001243747,0.5277634595901657,0.5195136717366,2,3,1,1,0,1,0,0,0,0,1,2,0,1,3,2,3,0,0,0,0,3,3,1,1,0,1,3,4,1,1
1,2,2,3,1,0.5041293001243747,0.5444138749750935,0.557835589399299,1,2,1,0,0,2,0,0,1,1,2,1,0,1,2,2,2,0,0,0,0,2,1,1,1,0,2,2,7,2,2
1,3,2,4,4,0.2568807343877629,0.2312931317475115,0.1818216133781392,3,1,0,0,0,1,1,1,2,1,1,2,1,2,2,1,2,1,0,1,0,2,2,0,1,0,2,4,4,1,0
0,1,4,1,1,0.3553719008441233,0.5727612338639113,0.47073868350099,2,4,1,1,1,3,1,1,2,1,2,2,1,3,2,3,2,1,0,1,0,3,2,1,1,0,2,1,4,1,1
1,3,2,1,1,0.2568807343877629,0.3924051042901554,0.3464152991515907,1,0,0,0,0,1,1,0,0,0,1,1,0,3,2,1,2,0,1,0,0,2,1,1,1,0,3,3,4,1,0
1,2,2,1,1,0.2568807343877629,0.431284270194226,0.4913865546218487,1,0,0,0,0,1,0,0,0,0,1,2,0,3,2,2,1,1,1,0,0,1,1,0,1,0,5,3,6,2,2
0,2,2,2,1,0.5041293001243747,0.4019442411205329,0.4019442411205329,2,2,1,0,1,1,0,0,1,0,1,1,0,1,1,3,2,2,1,0,0,1,1,1,1,0,5,3,9,3,2
0,1,1,1,1,0.5055446394403083,0.6028848047056141,0.6045206383292184,1,2,1,0,1,3,0,0,1,1,1,2,1,3,2,2,2,2,0,0,0,3,2,1,0,1,3,2,3,3,2
0,1,2,2,1,0.5041293001243747,0.3924051042901554,0.5178983703117349,3,2,1,1,0,1,1,1,1,1,1,3,1,2,3,3,2,1,1,1,0,2,2,1,0,1,3,1,6,0,1
1,1,2,1,1,0.5041293001243747,0.4019442411205329,0.4019442411205329,2,2,1,1,1,1,1,1,1,1,1,2,1,2,2,2,1,2,2,0,0,1,2,1,1,0,6,1,6,1,2
0,1,2,2,2,0.7342055546273047,0.5727612338639113,0.47073868350099,2,2,1,1,1,3,1,1,3,1,1,3,1,3,2,2,3,1,0,1,0,3,3,1,1,0,1,2,2,1,1
0,2,2,2,1,0.3553719008441233,0.2560048675697335,0.3629994804424569,2,1,1,1,1,3,0,0,1,1,1,2,0,3,2,3,2,2,2,1,0,2,1,1,1,0,6,2,6,2,2
0,1,1,1,1,0.7342055546273047,0.5697065570083024,0.5413865546218488,1,1,0,0,0,1,1,0,0,0,1,3,1,3,3,1,3,0,0,1,0,3,3,0,0,1,0,3,1,1,1
1,2,2,2,2,0.5041293001243747,0.494729193738419,0.5188898574495677,3,2,1,1,0,2,0,0,1,0,1,1,0,1,1,1,1,2,2,0,0,1,1,0,0,1,7,4,7,1,2
1,2,2,1,1,0.3553719008441233,0.2560048675697335,0.2068230990908619,1,2,1,1,1,2,1,1,2,1,2,3,1,3,2,2,2,0,0,1,1,2,2,1,1,0,1,1,4,1,1
1,1,2,1,1,0.5041293001243747,0.5444138749750935,0.557835589399299,2,2,1,1,0,1,1,0,1,1,1,2,1,3,2,1,2,0,1,1,0,2,2,0,0,1,2,2,3,0,1
1,1,1,1,1,0.4663865546218487,0.6028848047056141,0.6045206383292184,2,0,0,0,0,1,0,0,0,0,1,1,0,1,3,1,3,1,1,0,0,1,2,0,0,1,3,3,6,2,2
1,1,3,1,1,0.3553719008441233,0.58079526080885,0.4413865546218487,2,2,1,0,0,1,0,1,1,1,1,2,0,1,2,3,1,1,1,0,0,2,2,1,0,1,5,1,7,2,2
1,1,2,1,1,0.4239590626609834,0.4239590626609834,0.6251162574106005,2,1,1,0,1,3,0,0,1,1,1,2,1,3,2,3,2,0,2,0,0,2,2,0,0,1,3,2,5,3,2
1,1,2,1,1,0.5055446394403083,0.6028848047056141,0.6045206383292184,1,0,0,0,1,2,0,0,0,0,1,1,0,1,1,1,1,2,2,0,0,2,1,0,0,1,7,3,6,3,2
1,1,1,2,1,0.4979663383385758,0.5277634595901657,0.4498825798447005,1,1,1,0,1,3,0,0,1,1,3,1,1,3,3,3,3,2,2,0,0,1,1,1,0,1,4,2,7,3,2
1,1,2,1,1,0.7342055546273047,0.6028848047056141,0.6045206383292184,2,0,1,1,0,1,0,0,1,1,1,2,1,2,2,2,1,0,0,0,0,2,2,1,0,1,2,2,5,1,2
1,2,2,1,1,0.2568807343877629,0.3924051042901554,0.3485496690247472,1,0,1,0,1,2,0,1,0,0,1,1,1,3,2,1,2,2,0,0,0,1,2,0,1,0,3,2,4,3,2
1,2,1,1,1,0.3553719008441233,0.5727612338639113,0.4174131178978558,1,0,0,0,0,3,0,0,0,0,1,1,0,1,1,2,1,2,2,0,0,1,1,0,0,1,7,3,8,2,2
1,2,1,2,2,0.5055446394403083,0.5277634595901657,0.433182665870381,1,1,1,1,1,3,0,0,1,0,1,2,0,2,2,2,2,2,2,0,0,2,1,0,0,0,6,4,6,2,2
0,1,2,2,1,0.3553719008441233,0.6028848047056141,0.6045206383292184,2,2,1,0,0,1,0,1,1,1,1,2,1,2,1,2,2,1,1,0,0,2,2,1,0,1,3,1,5,2,2
0,2,3,2,1,0.5041293001243747,0.58079526080885,0.4413865546218487,3,2,1,1,0,1,1,1,1,1,2,3,1,3,3,2,2,0,1,1,1,3,3,1,1,0,2,1,2,0,1
0,1,2,1,1,0.4979663383385758,0.5277634595901657,0.4911856615764921,2,3,1,1,1,2,0,0,1,1,2,2,0,2,2,3,2,1,0,1,0,2,2,0,0,1,3,2,6,2,2
1,1,2,1,1,0.4979663383385758,0.5727612338639113,0.3903093528618818,2,2,0,0,0,1,0,0,1,1,1,2,0,3,1,3,1,2,2,0,0,2,1,0,1,0,7,2,6,2,2
1,1,2,1,1,0.5041293001243747,0.5277634595901657,0.433182665870381,2,2,1,0,0,2,0,0,3,1,1,1,0,3,2,1,3,1,2,0,0,1,2,0,1,0,4,2,4,2,2
0,1,2,2,1,0.5055446394403083,0.5277634595901657,0.4911856615764921,2,1,1,1,0,1,1,1,1,1,2,2,1,2,2,1,2,0,0,1,1,2,2,1,1,0,1,1,4,0,1
1,1,1,1,1,0.7254294964422535,0.4690232345327208,0.6251162574106005,1,0,0,1,1,2,1,1,2,1,1,3,1,2,2,2,1,2,1,1,0,3,3,1,0,1,5,1,3,1,1
1,1,2,1,1,0.3553719008441233,0.2560048675697335,0.2068230990908619,1,0,0,0,1,2,0,0,1,1,1,1,0,2,1,1,1,1,1,0,0,1,1,0,0,1,5,2,6,3,2
1,2,2,1,1,0.3553719008441233,0.2560048675697335,0.2068230990908619,1,0,1,1,0,2,1,0,1,1,1,2,1,2,2,2,2,1,1,1,0,2,2,0,0,1,3,2,5,0,1
0,2,2,2,2,0.2568807343877629,0.3924051042901554,0.3464152991515907,2,0,1,0,1,3,1,1,0,1,1,3,1,2,2,3,1,0,1,1,0,2,2,0,1,0,3,2,6,2,1
0,1,3,2,1,0.5041293001243747,0.5277634595901657,0.5643102290371507,2,2,1,1,0,1,1,1,1,1,2,2,1,2,2,2,3,0,1,1,0,2,2,1,1,0,1,1,5,0,1
0,2,1,1,1,0.6004666455841483,0.5277634595901657,0.433182665870381,1,1,1,0,0,1,0,0,0,0,1,2,0,3,1,2,2,2,2,0,0,2,2,0,0,1,6,3,4,2,2
0,1,1,1,1,0.2813321005719086,0.5277634595901657,0.4911856615764921,1,2,1,1,1,3,1,1,1,1,3,3,1,3,2,1,3,1,1,1,0,2,3,0,0,1,2,1,2,1,1
0,2,1,2,2,0.5055446394403083,0.4690232345327208,0.2652017323423765,2,1,1,0,0,1,1,1,1,1,1,3,1,3,2,1,2,0,0,1,1,3,3,0,1,0,1,2,1,1,1
1,3,1,4,4,0.2568807343877629,0.3924051042901554,0.4498825798447005,1,2,1,1,0,1,1,1,2,1,1,2,1,3,3,2,2,1,0,1,0,3,3,0,1,0,2,4,2,0,0
0,2,3,2,2,0.3553719008441233,0.2560048675697335,0.2068230990908619,1,3,1,1,1,3,1,1,2,1,2,3,1,3,2,2,2,0,0,1,0,2,2,1,1,0,1,2,4,1,1
0,1,1,1,1,0.5041293001243747,0.4690232345327208,0.6251162574106005,2,0,1,0,0,1,1,1,1,1,1,2,1,2,2,1,2,1,1,0,0,2,2,1,0,1,3,1,4,1,1
0,1,2,1,1,0.2568807343877629,0.2312931317475115,0.1818216133781392,1,0,0,0,0,1,0,0,0,0,1,1,0,1,2,3,2,2,1,0,0,1,1,0,0,1,5,3,9,2,2
0,2,2,3,3,0.5041293001243747,0.58079526080885,0.4413865546218487,3,1,0,1,0,1,1,1,0,0,1,2,1,2,2,1,2,1,2,1,0,2,2,0,0,1,4,4,4,0,0
1,1,2,1,1,0.3553719008441233,0.4690232345327208,0.2652017323423765,1,0,0,0,0,1,0,0,0,0,1,1,0,1,2,1,3,1,2,0,0,1,1,0,1,0,4,3,7,2,2
1,1,2,1,1,0.2568807343877629,0.2312931317475115,0.1818216133781392,1,0,0,0,0,1,1,0,3,1,1,2,1,3,2,3,2,2,0,1,0,3,3,0,0,1,3,2,3,1,0
0,1,2,1,1,0.3553719008441233,0.4690232345327208,0.6251162574106005,1,0,0,0,0,1,0,0,0,0,1,1,0,1,2,1,2,2,2,0,1,1,1,0,0,1,6,3,7,2,2
0,1,2,1,1,0.2568807343877629,0.2312931317475115,0.1818216133781392,1,0,0,0,0,1,0,0,1,0,3,3,1,3,1,3,1,0,2,1,0,3,3,1,0,1,4,3,3,2,0
1,2,2,2,2,0.2568807343877629,0.2312931317475115,0.1818216133781392,3,0,0,0,0,1,1,1,3,1,1,2,1,3,2,2,2,1,1,1,0,2,3,1,1,0,3,2,3,1,0
1,1,1,1,1,0.6004666455841483,0.5277634595901657,0.5195136717366,1,1,1,1,1,3,0,0,0,1,1,1,0,1,2,3,2,2,2,0,0,1,1,0,0,1,6,2,9,2,2
0,1,3,1,1,0.3553719008441233,0.4690232345327208,0.2652017323423765,2,2,1,1,1,3,1,1,1,1,1,3,1,3,3,1,3,1,1,1,0,2,2,0,1,0,2,1,3,1,1
1,2,2,1,1,0.3553719008441233,0.2560048675697335,0.2068230990908619,1,0,1,0,0,2,1,1,0,0,2,2,1,3,3,1,3,0,0,1,0,3,3,1,0,1,0,2,1,1,1
0,2,3,2,2,0.2813321005719086,0.6028848047056141,0.6045206383292184,3,4,1,1,1,3,1,1,3,1,3,3,1,3,3,2,2,0,0,1,0,2,3,0,1,0,1,2,3,1,1
1,1,2,2,1,0.3553719008441233,0.431284270194226,0.4174131178978558,2,0,1,0,0,2,0,0,0,0,1,2,1,1,2,2,1,2,2,0,1,2,2,1,1,0,6,3,6,2,2
1,2,2,3,1,0.3553719008441233,0.3924051042901554,0.3464152991515907,1,2,1,0,0,1,0,0,0,0,1,1,1,1,2,1,3,1,1,0,0,1,1,1,0,1,2,3,7,2,2
0,2,4,3,1,0.3553719008441233,0.2560048675697335,0.3629994804424569,1,2,0,0,1,3,1,0,1,1,1,2,1,3,3,1,2,2,1,1,0,3,2,1,1,0,4,2,2,2,0
1,1,2,2,1,0.7254294964422535,0.5088547359679307,0.4913865546218487,2,1,1,0,0,1,1,0,2,1,1,2,1,2,2,3,1,2,2,0,0,2,2,1,0,1,6,2,6,1,2
1,2,2,1,1,0.2568807343877629,0.4690232345327208,0.6251162574106005,1,2,1,0,0,1,0,1,1,1,2,3,1,3,3,1,2,0,1,1,0,3,3,1,1,0,2,1,1,2,1
1,2,3,3,3,0.2568807343877629,0.2312931317475115,0.4483344683362005,2,1,0,0,0,1,0,0,2,0,1,1,0,1,3,2,1,2,2,0,0,2,1,0,0,1,7,5,7,2,2
1,1,2,1,1,0.6004666455841483,0.5277634595901657,0.5195136717366,1,1,1,1,1,3,0,0,1,0,1,1,0,1,1,2,2,2,2,0,1,2,1,0,0,1,6,3,7,2,2
1,3,2,6,6,0.2568807343877629,0.2312931317475115,0.1818216133781392,1,1,0,1,0,1,1,1,3,1,1,3,1,3,3,2,3,1,0,1,0,3,3,0,1,0,1,6,2,0,0
1,3,2,3,3,0.2568807343877629,0.2312931317475115,0.1818216133781392,2,0,0,0,0,2,1,0,3,0,1,2,1,2,3,1,2,1,0,1,0,3,2,0,1,0,2,5,3,1,0
0,1,2,2,1,0.2568807343877629,0.2312931317475115,0.1818216133781392,2,0,1,0,0,1,0,0,1,0,1,1,0,1,3,2,1,2,2,0,0,2,1,0,1,0,7,3,7,2,2
0,2,3,2,2,0.7342055546273047,0.6028848047056141,0.6045206383292184,2,1,1,1,0,1,1,0,1,1,1,3,1,3,2,2,2,0,1,0,0,2,2,0,1,0,2,3,4,0,1
0,3,2,3,3,0.2568807343877629,0.2312931317475115,0.1818216133781392,1,2,1,0,0,3,1,1,2,1,1,3,1,3,3,1,2,2,0,1,0,3,2,0,1,0,3,3,2,1,0
1,2,2,1,1,0.3553719008441233,0.4690232345327208,0.2652017323423765,2,0,1,0,0,1,1,1,2,1,1,3,1,3,3,1,2,1,1,1,0,2,2,0,1,0,3,1,3,1,1
1,1,2,1,1,0.5055446394403083,0.5277634595901657,0.5195136717366,1,2,1,1,1,3,0,0,1,0,1,1,1,2,2,2,2,1,1,0,0,2,2,1,0,1,3,3,5,2,2
0,2,3,2,2,0.5041293001243747,0.6028848047056141,0.4911856615764921,3,1,1,1,0,1,1,1,3,1,2,2,1,3,2,3,2,0,0,1,0,2,2,1,0,1,1,2,5,0,1
1,1,2,2,1,0.7254294964422535,0.5277634595901657,0.5643102290371507,2,1,1,0,0,1,0,0,1,1,1,2,1,2,2,3,1,2,1,1,1,2,2,1,1,0,5,2,6,2,2
1,1,2,1,1,0.3553719008441233,0.5088547359679307,0.4913865546218487,1,0,0,0,1,2,0,0,1,1,1,1,0,1,3,3,1,2,2,0,1,1,2,0,0,1,7,2,8,3,2
0,2,2,2,2,0.2568807343877629,0.5277634595901657,0.5195136717366,1,2,1,0,0,1,0,0,1,1,2,2,1,3,2,1,2,0,0,0,0,2,2,0,1,0,1,3,3,2,0
1,1,2,2,1,0.2568807343877629,0.2312931317475115,0.1818216133781392,2,1,0,0,0,1,0,0,0,0,1,2,1,2,2,1,3,2,2,0,0,1,1,1,1,0,4,3,6,2,2
1,2,1,1,1,0.5569570005567268,0.4690232345327208,0.6251162574106005,1,0,1,1,1,3,0,0,0,0,1,1,0,1,2,3,2,2,2,0,1,2,1,1,0,1,6,3,8,2,2
1,1,2,1,1,0.2568807343877629,0.3924051042901554,0.3485496690247472,1,2,1,0,1,2,1,0,1,1,1,3,1,1,1,1,3,2,0,0,0,2,2,0,1,0,2,2,5,2,1
1,1,3,1,1,0.4239590626609834,0.4239590626609834,0.435687907264296,2,1,0,0,0,1,0,0,1,1,1,2,0,1,2,2,3,0,2,1,0,3,2,1,1,0,3,2,5,2,2
0,1,2,1,1,0.3553719008441233,0.2560048675697335,0.3629994804424569,1,1,1,0,1,3,0,0,1,0,1,2,0,2,2,2,2,2,2,0,0,2,2,0,1,0,6,3,5,3,2
1,1,3,1,1,0.3553719008441233,0.3924051042901554,0.4413865546218487,2,2,1,1,1,3,1,1,2,1,2,3,1,3,2,2,2,0,0,1,0,3,3,0,0,1,1,1,2,1,1
0,1,2,2,2,0.3553719008441233,0.2560048675697335,0.2068230990908619,2,4,1,1,1,3,1,1,2,1,2,3,1,3,2,2,2,0,0,1,0,3,3,1,0,1,1,2,2,1,1
0,3,2,4,4,0.2568807343877629,0.2312931317475115,0.1818216133781392,1,2,1,0,0,2,1,0,1,1,2,2,1,3,2,1,3,1,0,0,0,3,2,0,1,0,1,5,2,1,0
0,1,2,1,1,0.2568807343877629,0.2312931317475115,0.1818216133781392,1,1,1,0,0,2,0,0,1,1,2,2,0,2,2,2,2,2,2,1,0,2,2,0,0,1,6,2,5,2,2
0,2,2,2,2,0.6004666455841483,0.5727612338639113,0.4131023194505032,2,1,0,0,1,3,0,0,0,0,1,2,0,2,1,1,2,1,1,0,0,1,1,1,0,0,4,4,6,3,2
0,2,3,2,2,0.2568807343877629,0.2312931317475115,0.1818216133781392,1,0,1,1,0,1,1,1,3,1,1,2,1,3,1,1,3,1,0,1,0,2,3,0,1,0,1,2,2,0,1
0,1,2,2,2,0.2813321005719086,0.5088547359679307,0.4624682586537629,2,4,1,1,1,3,1,1,0,1,1,3,1,3,2,2,2,0,0,1,0,2,3,0,1,0,1,2,3,1,1
1,1,1,1,1,0.3553719008441233,0.4690232345327208,0.2652017323423765,1,0,0,0,0,1,0,0,0,0,1,1,0,2,2,2,2,1,1,0,0,2,1,0,0,1,4,3,6,2,2
0,2,1,3,1,0.5041293001243747,0.4690232345327208,0.6251162574106005,2,2,1,0,0,2,0,0,1,1,2,2,1,1,1,1,1,2,2,0,0,3,3,0,1,0,6,2,3,2,2
0,1,4,2,2,0.2568807343877629,0.2312931317475115,0.1818216133781392,3,0,0,0,1,2,0,0,0,0,1,1,0,3,2,2,2,0,0,1,0,2,2,0,1,0,2,4,4,3,0
0,1,1,2,2,0.2813321005719086,0.4690232345327208,0.6251162574106005,2,2,1,1,1,3,1,1,1,1,1,3,1,2,2,2,2,1,1,0,0,2,2,0,1,0,3,2,5,1,1
0,1,1,1,1,0.5041293001243747,0.5277634595901657,0.5195136717366,2,1,1,0,0,2,1,1,1,1,1,3,1,2,2,1,2,0,1,0,1,3,2,1,0,1,2,1,3,1,1
1,1,1,1,1,0.3553719008441233,0.4690232345327208,0.2652017323423765,1,0,1,0,0,1,1,1,0,1,1,3,1,2,2,2,2,1,1,1,0,2,2,0,0,1,3,1,5,1,1
1,1,2,1,1,0.3553719008441233,0.2560048675697335,0.2068230990908619,1,1,1,1,1,1,1,1,0,1,1,2,1,3,2,1,3,1,0,1,0,2,2,0,1,0,1,1,3,1,1
1,1,2,1,1,0.6004666455841483,0.5277634595901657,0.433182665870381,1,1,1,0,0,1,0,0,0,0,1,1,0,1,3,2,1,2,2,0,0,1,1,0,0,1,7,3,8,2,2
1,2,2,2,2,0.3553719008441233,0.3924051042901554,0.3464152991515907,3,1,1,1,1,3,1,1,2,1,2,3,1,2,2,1,2,1,1,1,0,2,2,1,1,0,3,2,4,1,1
1,1,2,2,2,0.2568807343877629,0.2312931317475115,0.1818216133781392,2,0,1,0,0,1,1,1,3,1,1,3,1,2,2,1,3,1,1,1,0,1,3,0,0,1,2,2,4,1,0
0,1,2,1,1,0.6004666455841483,0.6028848047056141,0.6045206383292184,1,0,0,0,0,2,0,0,0,0,1,1,1,1,1,1,1,0,0,0,0,2,2,1,0,1,2,3,5,2,2
1,1,3,2,2,0.5041293001243747,0.3924051042901554,0.5178983703117349,3,3,1,1,1,3,1,1,2,1,1,3,1,2,2,2,2,1,0,1,0,2,2,0,1,0,2,2,5,1,1
0,1,2,1,1,0.4663865546218487,0.5697065570083024,0.5413865546218488,1,0,0,0,1,3,0,0,1,1,1,2,1,2,1,3,1,2,2,0,0,1,1,1,1,0,6,2,8,3,2
0,3,3,2,2,0.7342055546273047,0.5727612338639113,0.5569570005567268,4,2,1,1,1,3,0,0,1,0,2,2,0,1,2,1,3,0,2,1,0,2,2,0,1,0,3,4,5,2,2
1,2,2,2,2,0.3553719008441233,0.2560048675697335,0.2774942828349492,2,2,1,0,0,2,0,1,0,0,2,2,1,2,2,2,2,2,2,0,1,2,2,0,0,1,5,3,5,2,2
0,1,2,1,1,0.3553719008441233,0.2560048675697335,0.3629994804424569,2,2,1,1,1,3,1,1,2,1,2,3,0,3,2,2,3,2,2,0,0,2,2,0,1,0,5,1,4,1,1
1,2,2,2,1,0.5041293001243747,0.58079526080885,0.4413865546218487,1,1,0,0,0,1,0,0,3,0,1,1,0,3,2,3,3,0,0,0,0,3,1,1,0,1,1,3,5,2,2
0,1,2,1,1,0.3553719008441233,0.5727612338639113,0.47073868350099,2,2,1,0,1,2,0,0,1,1,1,2,0,3,2,3,3,1,1,0,0,1,1,1,0,1,3,2,7,3,2
1,1,2,1,1,0.3553719008441233,0.2560048675697335,0.3325968600857093,2,0,0,0,0,1,0,0,0,0,2,2,1,2,2,2,2,2,2,1,0,2,2,0,0,1,5,3,5,2,2
0,2,2,3,3,0.2568807343877629,0.2312931317475115,0.1818216133781392,2,0,1,1,1,3,1,1,3,1,1,3,1,3,2,2,2,0,1,1,0,2,3,1,1,0,2,3,3,1,1
1,2,2,2,1,0.5055446394403083,0.5277634595901657,0.5643102290371507,1,3,1,1,1,3,0,0,1,1,1,3,1,3,3,1,3,1,0,0,0,1,1,1,0,1,1,2,5,2,1
1,2,3,2,2,0.2568807343877629,0.3924051042901554,0.3464152991515907,2,0,1,0,0,1,1,1,3,1,1,2,1,3,2,2,2,0,0,1,1,3,3,0,1,0,1,2,2,1,1
1,2,2,2,2,0.3553719008441233,0.2560048675697335,0.2068230990908619,1,4,1,1,1,3,1,1,2,1,1,3,1,3,3,2,2,0,2,1,1,2,2,1,1,0,3,2,4,1,1
0,3,2,2,2,0.2568807343877629,0.2312931317475115,0.1818216133781392,1,0,1,0,0,1,0,0,1,1,1,3,1,3,3,1,3,1,1,1,0,3,3,1,1,0,2,3,1,2,0
1,3,2,3,3,0.2568807343877629,0.3924051042901554,0.3485496690247472,2,0,0,0,0,1,0,0,2,1,1,1,1,2,2,1,1,0,1,1,0,2,1,0,1,0,3,4,5,2,0
0,2,2,1,1,0.2568807343877629,0.2312931317475115,0.1818216133781392,1,0,0,1,1,3,0,0,0,0,1,1,1,2,1,3,1,2,2,0,0,1,1,1,1,0,6,3,8,2,2
1,3,2,5,2,0.2568807343877629,0.2312931317475115,0.1818216133781392,1,2,1,0,0,1,0,0,0,0,1,3,1,2,2,2,2,2,2,1,0,2,2,1,1,0,5,4,5,2,0
0,2,3,1,1,0.3553719008441233,0.5727612338639113,0.3464152991515907,2,2,1,0,1,2,0,0,1,0,1,2,0,2,2,2,2,2,2,1,1,2,2,1,0,0,6,3,5,3,2
0,1,1,1,1,0.5055446394403083,0.5727612338639113,0.47073868350099,1,3,1,1,1,3,1,1,0,0,1,2,1,3,2,2,3,0,0,0,1,2,2,0,0,1,0,2,4,1,1
0,1,2,2,2,0.6004666455841483,0.3924051042901554,0.3464152991515907,3,1,1,0,0,1,1,1,1,1,3,3,1,3,2,1,2,1,1,1,0,3,3,0,1,0,3,2,1,1,1
1,2,1,2,1,0.5055446394403083,0.5444138749750935,0.557835589399299,1,1,1,0,0,1,0,0,0,0,1,1,1,1,2,1,1,2,2,0,0,2,3,1,0,0,6,3,4,2,2
0,3,2,1,1,0.2813321005719086,0.3924051042901554,0.3464152991515907,7,2,1,1,1,3,1,1,1,1,3,3,1,3,2,2,2,1,1,1,0,3,3,1,1,0,3,1,2,1,1
0,2,1,2,2,0.5055446394403083,0.5088547359679307,0.5569570005567268,1,3,1,1,1,3,1,1,2,1,3,3,1,3,2,1,3,2,0,1,1,2,3,0,0,1,2,2,2,1,1
0,2,3,2,2,0.2568807343877629,0.2312931317475115,0.4483344683362005,3,1,0,0,0,1,1,1,2,1,1,2,0,2,2,2,2,0,0,1,1,2,2,0,1,0,2,2,5,1,0
1,3,2,4,4,0.2568807343877629,0.2312931317475115,0.1818216133781392,2,0,0,0,0,1,0,0,3,0,1,1,1,3,3,2,2,2,2,1,1,1,2,0,1,0,5,6,5,2,0
0,2,3,4,3,0.7342055546273047,0.5727612338639113,0.47073868350099,3,2,1,1,1,3,1,0,3,1,2,2,0,1,2,2,2,1,0,1,0,2,2,1,1,0,3,4,6,1,1
1,1,1,1,1,0.3553719008441233,0.2560048675697335,0.2068230990908619,1,1,1,1,0,3,0,1,1,1,2,2,1,2,2,2,2,0,2,1,0,1,2,1,1,0,3,1,6,1,1
1,1,2,2,2,0.5041293001243747,0.5277634595901657,0.5643102290371507,2,1,1,0,0,2,0,0,1,0,1,1,0,3,1,1,1,2,2,0,0,2,1,0,1,0,7,4,4,2,2
1,1,2,2,1,0.7254294964422535,0.5444138749750935,0.557835589399299,3,1,1,1,0,1,1,1,2,1,2,3,1,2,1,2,2,1,1,0,0,2,2,1,0,1,3,1,5,0,1
1,2,2,1,1,0.3553719008441233,0.2560048675697335,0.2774942828349492,2,1,1,0,0,3,0,0,0,0,1,2,1,2,2,1,1,1,1,0,1,2,1,0,1,0,4,3,5,2,2
1,1,1,1,1,0.5041293001243747,0.6028848047056141,0.4012782538087797,1,0,1,1,1,3,0,0,1,1,2,2,1,2,3,2,3,1,1,0,0,2,2,1,0,1,2,2,5,2,2
1,1,1,1,1,0.2813321005719086,0.58079526080885,0.3970649205239838,2,4,1,1,1,3,1,1,1,1,1,3,1,3,2,2,2,2,0,1,0,2,2,0,0,1,3,1,4,1,1
0,2,2,2,1,0.7342055546273047,0.5727612338639113,0.5569570005567268,3,1,0,0,1,3,0,0,1,1,1,1,0,2,2,1,3,1,1,1,0,1,1,1,1,0,3,2,6,3,2
0,1,1,1,1,0.5055446394403083,0.3904656642109549,0.3904656642109549,1,2,0,1,1,3,1,1,1,1,1,2,1,2,2,2,2,0,0,1,0,2,2,0,0,1,1,1,5,1,1
1,1,2,2,2,0.3553719008441233,0.3924051042901554,0.3485496690247472,2,1,1,0,0,2,0,0,1,0,1,2,1,2,2,1,3,2,2,0,0,1,1,1,0,1,4,4,6,2,2
0,2,3,2,2,0.3553719008441233,0.2560048675697335,0.2774942828349492,2,4,1,1,1,3,1,1,3,1,1,3,1,3,2,2,2,0,0,1,0,2,3,0,1,0,1,2,3,1,1
1,1,2,2,2,0.5041293001243747,0.5277634595901657,0.4012782538087797,1,0,0,1,1,2,0,1,0,0,1,1,1,3,2,3,2,0,1,0,0,3,2,0,1,0,2,3,4,2,2
1,1,2,1,1,0.3553719008441233,0.2560048675697335,0.2068230990908619,1,2,1,1,0,1,0,0,1,1,1,1,1,2,2,2,3,2,2,0,0,3,2,1,0,1,4,2,4,1,2
1,1,1,1,1,0.2568807343877629,0.2312931317475115,0.5178983703117349,1,0,0,0,0,1,0,0,0,0,1,2,1,1,1,2,3,2,2,0,0,1,1,0,0,1,4,3,8,2,2
1,1,2,1,1,0.2568807343877629,0.2312931317475115,0.1818216133781392,2,0,0,0,0,1,1,1,3,1,1,1,0,1,2,1,3,0,0,0,1,2,1,0,1,0,1,1,6,1,0
1,2,2,1,1,0.5041293001243747,0.4019442411205329,0.4019442411205329,2,2,1,1,1,1,0,0,3,1,1,2,0,3,1,3,2,1,2,0,0,2,1,1,1,0,5,2,6,2,2
0,2,2,2,2,0.4979663383385758,0.5088547359679307,0.4689015395923673,3,2,1,1,1,3,1,1,2,1,3,2,1,2,2,2,2,1,1,1,0,1,3,0,0,1,3,2,5,1,1
1,1,2,1,1,0.3553719008441233,0.58079526080885,0.3970649205239838,1,0,0,0,0,1,0,0,0,0,1,1,1,3,2,2,2,0,0,0,0,2,2,0,1,0,1,3,4,2,2
1,2,2,1,1,0.3553719008441233,0.4690232345327208,0.6251162574106005,1,2,1,0,0,2,0,0,0,0,1,1,0,1,1,2,3,0,2,0,0,1,1,0,1,0,3,3,8,2,2
0,2,1,1,1,0.5055446394403083,0.5727612338639113,0.3903093528618818,1,3,1,0,0,2,0,1,0,0,1,3,1,2,2,2,3,1,2,0,1,2,1,0,1,0,3,2,6,2,2
1,1,2,1,1,0.7254294964422535,0.4690232345327208,0.6251162574106005,1,2,1,0,0,1,1,0,0,0,1,2,1,2,2,2,2,0,2,0,0,2,2,0,1,0,3,3,5,1,2
0,1,1,2,2,0.5055446394403083,0.3904656642109549,0.3904656642109549,2,2,1,0,0,1,0,0,0,0,1,2,0,2,2,3,1,2,2,0,0,2,1,1,0,1,7,4,7,2,2
1,3,2,5,5,0.2568807343877629,0.2312931317475115,0.1818216133781392,2,0,0,0,0,1,1,1,3,1,1,2,1,3,3,1,3,2,2,1,1,3,3,0,1,0,4,5,1,1,0
0,2,2,2,1,0.5569570005567268,0.5727612338639113,0.5065741346176669,3,2,1,0,0,1,0,0,1,1,2,2,1,2,2,2,1,2,2,0,0,3,1,1,1,0,6,2,5,2,2
1,1,2,2,1,0.4979663383385758,0.6028848047056141,0.6045206383292184,2,2,1,0,0,2,0,0,0,0,1,1,1,3,1,2,1,2,2,0,0,1,1,1,0,1,6,3,6,2,2
1,1,2,2,2,0.7342055546273047,0.3924051042901554,0.5062032724614461,2,2,1,1,0,1,1,1,2,0,2,2,1,2,2,2,2,1,1,0,0,1,2,0,1,0,3,3,6,0,1
0,2,3,2,2,0.2813321005719086,0.3924051042901554,0.3464152991515907,4,4,1,1,1,3,1,1,3,1,2,3,1,2,2,2,3,2,0,1,0,2,3,1,1,0,2,2,4,1,1
1,1,2,2,1,0.2568807343877629,0.2312931317475115,0.1818216133781392,2,0,0,0,0,1,0,0,0,0,1,1,0,1,2,1,2,1,2,0,0,1,1,1,1,0,5,3,7,2,2
0,3,2,4,1,0.4979663383385758,0.5697065570083024,0.4624682586537629,6,2,1,1,1,3,1,1,3,1,3,2,1,3,2,3,2,1,1,1,0,2,2,1,1,0,3,1,5,1,1
1,1,2,1,1,0.4239590626609834,0.4239590626609834,0.435687907264296,1,2,0,0,1,2,0,0,0,0,1,2,0,2,2,1,2,1,0,0,1,2,1,1,0,1,3,3,5,3,2
1,1,2,2,1,0.5041293001243747,0.6028848047056141,0.4131023194505032,1,0,1,0,0,1,1,0,2,1,1,2,0,2,1,2,3,2,2,0,0,2,3,0,1,0,5,2,4,1,2
1,1,2,2,1,0.5236582634987461,0.3924051042901554,0.520389961286879,2,4,0,0,1,2,0,0,0,0,1,2,1,3,3,2,3,1,0,0,0,3,2,1,0,1,1,3,3,3,2
1,1,2,1,1,0.2568807343877629,0.2312931317475115,0.1818216133781392,2,0,1,0,0,1,1,1,0,0,1,3,1,3,2,2,1,0,1,1,1,2,3,1,0,1,3,2,3,1,1
0,1,1,2,2,0.2813321005719086,0.5088547359679307,0.4624682586537629,3,2,1,1,1,3,1,1,3,1,1,3,1,3,2,2,2,1,1,1,1,2,2,1,0,0,3,2,4,1,1
1,1,2,1,1,0.3553719008441233,0.2560048675697335,0.4498825798447005,3,2,1,0,1,1,1,1,0,1,2,3,1,3,2,2,2,1,1,1,1,3,3,1,1,0,3,1,2,2,1
1,3,2,2,2,0.5055446394403083,0.5277634595901657,0.5643102290371507,2,1,1,1,0,1,1,1,2,1,3,3,1,3,2,2,2,0,0,1,0,3,3,0,1,0,1,2,2,0,1
0,2,2,2,1,0.4730210191672236,0.6028848047056141,0.4911856615764921,3,1,1,1,0,1,1,1,2,1,2,2,1,3,2,2,3,0,1,1,0,2,2,1,1,0,1,1,4,0,1
1,4,2,3,3,0.3553719008441233,0.3924051042901554,0.5062032724614461,2,3,1,0,0,1,1,0,1,0,1,1,0,3,1,2,2,0,1,0,0,1,2,0,1,0,3,5,5,1,0
1,1,2,2,2,0.5041293001243747,0.5280567983484041,0.520389961286879,4,2,0,0,0,1,0,0,0,0,1,2,1,2,2,2,2,2,1,0,0,3,2,0,0,1,4,4,4,2,2
0,2,2,2,2,0.6004666455841483,0.3924051042901554,0.3464152991515907,3,1,1,1,0,1,1,1,2,1,2,3,1,3,2,2,2,1,1,1,0,2,2,1,1,0,3,2,4,0,1
1,2,2,2,2,0.2568807343877629,0.2312931317475115,0.1818216133781392,2,0,0,0,0,1,0,0,0,0,1,1,0,1,1,1,2,1,2,0,0,1,1,0,1,0,5,4,7,2,2
0,1,2,2,1,0.3553719008441233,0.3924051042901554,0.3464152991515907,2,1,1,1,1,3,1,1,1,1,1,2,0,3,2,2,2,2,0,0,0,2,2,1,1,0,4,1,4,1,1
1,1,1,1,1,0.3553719008441233,0.4690232345327208,0.2652017323423765,2,0,1,1,0,2,1,1,3,1,1,3,0,2,2,2,2,0,0,0,0,2,2,0,0,1,2,1,5,0,1
1,1,2,1,1,0.3553719008441233,0.2560048675697335,0.3629994804424569,2,0,1,0,1,2,1,0,0,1,1,2,1,2,2,2,2,2,1,1,0,2,2,1,0,1,4,2,5,2,2
1,1,2,2,2,0.5055446394403083,0.3904656642109549,0.3904656642109549,2,2,1,1,0,3,1,1,1,1,1,2,1,2,2,2,2,2,2,0,0,2,2,0,0,1,5,2,5,0,1
1,1,1,2,2,0.3553719008441233,0.4690232345327208,0.6251162574106005,2,2,1,1,1,2,1,0,0,0,1,1,1,3,3,2,1,1,2,1,0,3,1,0,0,1,5,4,4,1,2
0,2,2,2,1,0.5055446394403083,0.3924051042901554,0.3485496690247472,2,1,1,0,0,1,1,1,0,0,1,3,1,3,2,1,3,1,1,1,0,3,2,1,1,0,2,2,2,1,1
0,3,2,4,4,0.5041293001243747,0.4690232345327208,0.6251162574106005,2,2,1,1,0,1,0,0,3,1,1,3,0,3,3,2,2,2,2,0,0,2,2,0,1,0,6,5,4,1,0
0,2,3,2,2,0.5041293001243747,0.3924051042901554,0.5178983703117349,1,1,0,0,0,1,1,1,0,0,1,2,1,3,2,1,3,0,0,1,0,2,2,1,1,0,0,3,3,1,0
1,1,1,2,2,0.2568807343877629,0.3924051042901554,0.3485496690247472,2,0,1,0,0,2,1,0,1,1,1,3,1,3,2,1,1,0,1,1,0,2,2,0,1,0,3,3,3,1,0
1,1,3,1,1,0.2568807343877629,0.3924051042901554,0.3485496690247472,1,0,0,0,0,2,0,0,1,0,1,1,0,2,2,2,1,2,2,0,0,2,2,1,0,1,7,3,5,2,2
0,2,3,2,1,0.7342055546273047,0.494729193738419,0.4860613946318852,2,2,1,1,0,1,1,1,2,1,1,3,1,2,2,1,2,1,1,0,0,2,2,1,1,0,3,1,4,0,1
1,2,2,2,1,0.3553719008441233,0.5697065570083024,0.5413865546218488,1,2,1,1,0,1,0,0,0,0,1,2,0,2,2,1,2,2,2,0,1,2,2,1,1,0,6,3,4,1,2
0,1,3,2,2,0.5569570005567268,0.5280567983484041,0.5062032724614461,3,2,1,0,1,3,0,0,0,0,2,1,0,1,1,2,2,2,2,0,0,1,1,1,1,0,6,4,8,3,2
0,1,3,2,1,0.7342055546273047,0.5727612338639113,0.3903093528618818,3,3,1,1,1,3,1,1,2,1,2,3,1,2,2,1,2,0,2,1,1,2,2,1,0,1,3,1,4,1,1
1,2,1,2,2,0.6004666455841483,0.5277634595901657,0.5195136717366,1,2,1,0,0,2,0,0,0,0,1,1,0,3,3,3,2,0,2,0,1,1,1,0,1,0,4,4,7,2,2
1,1,2,1,1,0.2568807343877629,0.4460716713574062,0.5178983703117349,1,0,0,0,0,1,1,1,3,1,1,2,1,2,1,1,3,0,0,0,0,3,3,1,0,1,0,1,2,1,1
0,1,2,1,1,0.7342055546273047,0.5727612338639113,0.5569570005567268,4,0,0,0,0,2,0,0,1,0,3,1,0,1,3,1,3,1,1,0,0,1,2,1,0,0,3,3,6,2,2
1,2,2,2,2,0.3553719008441233,0.5277634595901657,0.5195136717366,2,2,1,0,1,2,1,1,2,1,2,2,0,3,2,2,1,0,0,1,0,2,2,0,1,0,3,2,4,2,1
1,1,3,2,2,0.5041293001243747,0.5277634595901657,0.5643102290371507,2,0,0,0,0,1,0,0,0,0,1,2,1,3,3,3,2,1,0,1,0,2,2,0,1,0,2,4,5,2,0
1,2,3,2,1,0.5041293001243747,0.5088547359679307,0.4194000662735777,2,2,1,0,0,2,0,0,0,0,1,1,0,1,2,2,2,0,0,0,1,2,1,0,1,0,2,3,7,2,2
0,1,1,2,2,0.2813321005719086,0.5697065570083024,0.5413865546218488,1,1,0,0,0,3,0,0,0,0,1,1,0,1,2,2,2,2,0,0,0,1,1,0,0,1,4,4,8,2,2
0,2,2,3,3,0.2813321005719086,0.5277634595901657,0.5643102290371507,2,3,1,1,1,3,1,1,2,1,3,3,1,3,3,2,2,2,2,1,0,2,3,1,1,0,5,3,3,1,1
1,1,2,1,1,0.2568807343877629,0.2312931317475115,0.1818216133781392,2,1,0,0,0,1,1,0,1,1,1,2,1,1,1,3,2,1,1,0,0,2,2,1,0,1,3,2,7,1,2
0,1,2,2,2,0.3553719008441233,0.2560048675697335,0.3629994804424569,2,1,1,0,0,1,1,0,1,1,2,2,1,2,2,2,2,1,1,1,0,2,2,0,1,0,3,3,5,1,0
0,3,2,4,4,0.2568807343877629,0.2312931317475115,0.1818216133781392,1,0,1,0,1,3,1,0,3,1,3,1,0,2,1,2,2,2,2,0,0,2,2,1,1,0,6,5,5,2,0
1,1,2,3,2,0.2568807343877629,0.2312931317475115,0.1818216133781392,1,1,1,0,1,3,0,0,0,1,1,1,0,2,3,2,1,1,0,0,0,2,2,1,0,1,4,3,5,3,2
1,2,3,3,3,0.5041293001243747,0.3924051042901554,0.3464152991515907,4,2,1,1,1,3,1,1,2,1,2,3,1,3,3,2,2,1,1,1,0,3,3,0,1,0,3,3,2,1,1
1,1,1,1,1,0.3553719008441233,0.4690232345327208,0.2652017323423765,1,0,1,1,1,3,1,1,2,1,1,2,1,2,3,1,2,2,0,1,0,2,2,0,1,0,3,1,4,1,1
0,1,3,2,1,0.5041293001243747,0.5277634595901657,0.5195136717366,1,0,1,1,1,2,0,0,2,1,3,1,0,2,1,2,1,2,2,0,0,2,1,0,1,0,7,2,6,2,2
0,3,4,3,1,0.3553719008441233,0.5727612338639113,0.4012782538087797,7,2,1,0,1,2,0,1,2,1,3,2,1,2,2,1,2,2,1,0,0,2,1,1,1,0,4,1,5,3,1
0,2,3,2,2,0.5041293001243747,0.3924051042901554,0.5178983703117349,3,1,1,1,1,3,0,0,1,1,2,3,1,3,2,3,1,0,0,0,0,2,2,1,1,0,2,3,5,2,1
1,3,1,2,1,0.5041293001243747,0.5277634595901657,0.5195136717366,1,2,1,0,0,3,1,1,1,1,1,3,1,3,3,3,3,0,0,1,0,3,3,0,1,0,0,1,3,1,1
0,1,2,1,1,0.7342055546273047,0.4690232345327208,0.6251162574106005,1,2,1,0,1,3,0,0,1,1,1,1,0,1,2,3,1,0,0,0,0,1,2,0,1,0,3,2,8,3,2
0,2,2,2,2,0.7342055546273047,0.5727612338639113,0.5569570005567268,3,1,1,1,0,1,0,0,1,1,1,2,1,2,2,2,2,0,1,0,1,2,2,1,1,0,2,3,5,1,1
0,1,2,1,1,0.2568807343877629,0.431284270194226,0.4913865546218487,3,3,1,1,1,3,1,1,2,1,2,2,1,2,2,1,1,0,0,1,0,3,3,1,0,1,2,1,2,1,1
0,1,1,1,1,0.6004666455841483,0.5697065570083024,0.5413865546218488,1,0,0,0,0,1,0,0,0,0,1,1,0,2,2,2,2,0,0,0,0,1,2,0,1,0,2,3,6,2,2
1,1,1,2,1,0.2568807343877629,0.3924051042901554,0.3485496690247472,1,0,0,0,0,1,0,0,0,0,1,1,0,1,1,2,2,1,1,0,0,1,1,0,0,1,4,3,8,2,2
0,2,3,2,2,0.4663865546218487,0.58079526080885,0.4413865546218487,2,1,1,0,0,1,0,0,0,0,3,1,0,1,1,1,2,1,2,0,0,2,1,0,0,1,5,4,6,2,2
0,2,2,2,2,0.2568807343877629,0.3924051042901554,0.3464152991515907,2,0,1,0,0,1,1,1,3,1,1,3,1,3,2,2,2,0,0,1,0,2,3,0,1,0,1,2,3,1,1
0,1,1,1,1,0.2813321005719086,0.5727612338639113,0.4194000662735777,1,2,1,0,0,1,1,1,2,1,1,2,1,2,2,1,3,1,1,1,0,2,2,0,0,0,2,1,4,1,1
0,3,2,3,3,0.2568807343877629,0.2312931317475115,0.1818216133781392,1,0,0,1,0,1,0,0,1,1,1,1,1,3,2,2,3,2,1,1,1,3,2,0,1,0,3,4,3,1,0
1,1,2,1,1,0.6004666455841483,0.6028848047056141,0.6045206383292184,1,0,0,1,0,3,0,0,0,0,1,1,0,1,1,2,1,1,2,0,1,1,2,1,0,1,6,3,7,1,2
1,1,1,2,1,0.6004666455841483,0.5277634595901657,0.5065741346176669,2,1,1,1,1,2,1,0,1,1,1,3,1,3,2,2,3,1,2,0,1,3,2,1,1,0,3,2,3,1,1
0,1,2,1,1,0.5041293001243747,0.5727612338639113,0.5178983703117349,1,0,0,0,0,3,0,0,1,0,1,3,0,2,2,2,2,2,0,0,0,2,2,1,0,1,4,3,5,2,2
1,2,2,1,1,0.3553719008441233,0.2560048675697335,0.2068230990908619,2,1,1,0,0,1,1,0,0,0,1,2,0,2,2,2,2,1,0,0,0,2,2,1,1,0,3,3,5,1,0
1,2,2,4,3,0.2568807343877629,0.2312931317475115,0.1818216133781392,1,0,0,0,0,1,0,0,3,1,1,3,0,2,1,2,2,2,2,0,0,2,1,0,0,1,6,4,6,2,0
1,1,2,1,1,0.3553719008441233,0.2560048675697335,0.4860613946318852,2,3,0,0,0,1,1,1,1,1,2,2,1,2,2,2,1,0,0,1,0,3,3,0,0,1,2,1,3,1,1
1,2,2,1,1,0.7254294964422535,0.4690232345327208,0.6251162574106005,2,2,1,1,1,3,1,1,1,1,2,3,1,3,2,1,2,1,1,1,0,2,2,0,1,0,3,1,3,1,1
0,1,1,1,1,0.5236582634987461,0.5277634595901657,0.433182665870381,1,0,1,1,1,3,1,1,1,1,3,3,0,2,2,2,1,2,2,1,1,3,3,1,0,1,7,1,3,1,1
1,2,2,1,1,0.3553719008441233,0.3924051042901554,0.3464152991515907,3,3,1,1,1,3,1,1,3,1,3,2,0,2,1,2,1,2,2,0,1,2,1,0,1,0,7,1,6,1,1
0,1,2,1,1,0.5055446394403083,0.3924051042901554,0.3464152991515907,2,2,1,0,0,1,0,0,0,0,1,1,0,2,1,3,1,1,2,0,0,1,1,0,0,1,6,3,8,2,2
1,2,2,2,2,0.7254294964422535,0.5727612338639113,0.4194000662735777,2,2,0,1,1,3,1,1,3,1,1,3,1,3,2,2,2,1,1,1,0,2,2,0,1,0,3,2,4,1,1
0,1,2,4,4,0.2568807343877629,0.2312931317475115,0.1818216133781392,1,1,1,1,0,1,1,1,1,1,1,3,1,3,3,1,3,2,0,1,0,2,3,0,1,0,2,4,2,0,0
1,1,2,1,1,0.2568807343877629,0.3924051042901554,0.3464152991515907,1,0,0,0,1,2,0,0,2,1,1,2,1,2,2,1,1,1,2,0,1,2,2,0,1,0,5,2,4,3,2
1,1,2,1,1,0.7254294964422535,0.4690232345327208,0.6251162574106005,1,0,1,0,0,1,0,0,0,0,1,1,0,1,1,1,2,0,1,0,0,1,1,0,1,0,3,3,7,2,2
1,1,1,6,3,0.5055446394403083,0.5727612338639113,0.520389961286879,2,3,1,1,0,3,0,0,0,0,1,1,0,2,2,1,2,2,2,0,0,3,1,1,1,0,6,5,4,1,2
1,3,1,1,1,0.2568807343877629,0.3924051042901554,0.3485496690247472,1,0,0,0,0,1,0,0,1,1,1,1,0,2,2,2,3,1,1,0,0,2,1,1,1,0,3,2,6,2,2
0,2,1,1,1,0.4663865546218487,0.5088547359679307,0.4913865546218487,1,3,1,0,0,1,0,0,1,1,1,1,0,1,2,2,1,0,1,0,0,2,1,0,0,1,4,2,7,2,2
1,1,2,1,1,0.3553719008441233,0.2560048675697335,0.2068230990908619,1,2,0,1,1,3,1,1,3,1,2,3,1,3,2,2,2,1,1,1,0,2,2,0,0,1,3,1,4,1,1
1,1,2,2,1,0.7342055546273047,0.5277634595901657,0.4911856615764921,3,0,1,1,1,3,1,1,1,0,2,2,1,2,2,2,2,2,2,1,0,3,2,1,0,1,5,2,4,1,1
0,2,2,1,1,0.3553719008441233,0.2560048675697335,0.2774942828349492,2,1,0,0,0,2,0,0,1,0,2,1,1,1,3,2,2,2,2,0,0,1,3,0,0,1,5,3,6,2,2
1,1,3,2,2,0.2568807343877629,0.3924051042901554,0.3464152991515907,2,0,0,0,0,1,1,1,0,0,1,3,1,2,2,2,3,1,1,1,0,2,3,0,1,0,2,3,4,1,0
1,3,2,3,1,0.2568807343877629,0.2312931317475115,0.1818216133781392,1,0,0,0,0,2,0,0,3,1,1,1,0,1,3,1,2,2,2,0,1,2,1,1,0,1,6,2,6,2,2
0,1,2,1,1,0.7254294964422535,0.5727612338639113,0.4174131178978558,3,4,1,1,1,3,1,0,1,0,2,2,1,2,2,2,2,2,2,1,0,2,1,0,0,1,5,3,6,1,2
0,1,2,1,1,0.5041293001243747,0.5697065570083024,0.5413865546218488,2,2,1,0,0,1,1,0,1,0,1,2,1,2,2,2,2,1,1,0,0,2,2,0,0,1,3,3,5,1,2
1,3,2,2,2,0.2568807343877629,0.3924051042901554,0.3485496690247472,2,0,0,0,0,1,1,1,2,1,1,2,1,2,2,1,2,1,0,1,0,2,2,0,1,0,2,2,4,1,0
1,1,2,2,1,0.3553719008441233,0.4690232345327208,0.6251162574106005,1,0,1,0,0,1,0,1,0,0,1,2,1,2,2,2,2,1,1,0,0,2,2,1,0,1,3,2,5,2,2
0,2,2,2,2,0.4979663383385758,0.5727612338639113,0.5062032724614461,2,0,1,0,0,1,0,0,0,0,1,2,0,2,2,2,2,0,0,0,0,2,3,0,1,0,2,4,4,2,0
0,2,2,2,2,0.5041293001243747,0.58079526080885,0.4413865546218487,2,1,1,1,0,1,1,1,1,1,2,2,1,2,2,1,3,0,0,1,0,2,2,1,1,0,0,2,4,0,1
1,1,2,1,1,0.4730210191672236,0.3924051042901554,0.3485496690247472,1,1,1,0,0,2,1,0,1,1,1,2,1,2,2,2,2,1,1,1,0,2,2,1,0,1,3,2,5,1,2
0,1,2,1,1,0.7254294964422535,0.5277634595901657,0.5643102290371507,2,1,1,1,1,2,1,1,1,0,1,2,1,2,2,1,2,0,0,1,1,2,2,1,0,1,1,2,4,1,1
1,2,2,2,2,0.2568807343877629,0.4460716713574062,0.1818216133781392,1,0,0,0,0,1,0,1,1,1,1,3,1,3,2,1,3,1,1,0,1,2,2,0,0,1,2,2,3,2,0
0,2,2,2,2,0.5055446394403083,0.3924051042901554,0.4498825798447005,3,2,1,1,1,3,1,1,3,1,2,3,1,3,2,1,3,0,0,0,0,3,3,0,1,0,0,2,1,1,1
0,1,4,2,2,0.3553719008441233,0.2560048675697335,0.2774942828349492,3,3,1,1,1,3,1,1,3,1,1,2,1,2,2,2,3,0,1,1,0,2,3,0,1,0,1,2,4,1,1
1,1,2,1,1,0.5055446394403083,0.5277634595901657,0.433182665870381,1,3,1,1,1,3,0,0,2,1,1,1,0,2,2,1,2,2,2,1,0,2,2,1,0,1,6,2,4,2,2
0,3,2,2,2,0.2568807343877629,0.2312931317475115,0.1818216133781392,1,1,1,0,0,1,0,0,3,1,2,2,0,1,1,2,2,2,2,0,0,1,1,1,1,0,6,3,8,2,2
1,2,2,2,2,0.4730210191672236,0.3924051042901554,0.3485496690247472,2,1,1,1,0,1,1,1,1,1,1,3,1,3,3,3,3,1,1,1,0,2,3,0,1,0,2,2,4,0,1
1,1,2,1,1,0.4730210191672236,0.4690232345327208,0.6251162574106005,2,3,1,1,1,3,0,0,1,1,1,2,1,2,2,2,2,2,2,1,0,1,2,0,0,1,5,2,6,2,2
1,2,2,2,2,0.5041293001243747,0.3924051042901554,0.5178983703117349,3,1,1,1,1,3,1,1,1,1,2,3,1,3,2,1,2,0,1,1,0,2,2,1,0,1,2,2,3,1,1
1,1,2,1,1,0.5569570005567268,0.5727612338639113,0.4174131178978558,2,3,1,0,1,2,0,0,2,1,3,3,1,3,3,2,3,1,1,1,0,3,2,1,1,0,2,2,3,3,1
0,2,1,2,2,0.6004666455841483,0.3924051042901554,0.3464152991515907,3,4,1,1,1,3,0,0,1,1,3,2,1,2,3,2,3,1,1,1,0,2,2,1,0,1,2,3,5,2,1
1,1,2,2,1,0.3553719008441233,0.4690232345327208,0.6251162574106005,2,0,1,0,0,1,0,0,2,1,1,2,1,2,1,3,1,2,1,0,0,2,2,1,0,1,5,2,6,2,2
0,1,2,2,2,0.3553719008441233,0.2560048675697335,0.2068230990908619,1,3,1,1,1,1,1,1,1,1,1,3,1,3,2,1,3,1,1,1,0,2,3,0,1,0,2,2,2,1,1
1,3,2,3,3,0.2568807343877629,0.2312931317475115,0.1818216133781392,3,0,0,0,0,2,1,1,3,1,1,2,1,2,2,1,2,1,1,1,0,2,3,0,1,0,3,3,3,1,0
1,1,2,1,1,0.7254294964422535,0.494729193738419,0.5188898574495677,1,1,1,1,1,3,1,1,1,1,3,3,1,3,1,3,1,2,2,1,1,3,3,1,1,0,6,1,3,1,1
1,1,2,2,2,0.2568807343877629,0.2312931317475115,0.1818216133781392,1,0,0,0,0,1,1,1,2,1,1,2,1,2,2,3,2,1,1,1,0,2,1,1,1,0,3,2,7,1,0
0,1,2,1,1,0.2568807343877629,0.2312931317475115,0.4413865546218487,1,0,0,0,0,1,1,1,1,1,1,2,1,2,1,2,2,1,1,0,0,2,2,1,0,1,3,1,5,1,2
0,2,3,2,2,0.3553719008441233,0.2560048675697335,0.4174131178978558,3,3,1,1,0,1,0,0,2,1,1,2,0,1,3,1,3,1,1,0,0,2,1,1,1,0,3,3,6,1,0
0,1,2,1,1,0.3553719008441233,0.2560048675697335,0.3325968600857093,1,1,0,0,0,1,0,0,0,0,1,2,0,2,2,3,1,2,2,0,0,2,1,1,0,1,7,3,7,2,2
1,3,2,2,2,0.5055446394403083,0.5277634595901657,0.3464152991515907,2,2,1,1,0,2,0,1,3,1,2,2,1,3,2,1,2,1,1,1,0,2,2,1,1,0,3,2,3,1,1
0,3,1,2,2,0.4730210191672236,0.4690232345327208,0.6251162574106005,2,2,1,1,0,3,0,0,1,0,1,1,0,3,3,2,1,1,0,0,0,1,3,1,0,0,4,4,4,1,2
0,1,1,2,2,0.2813321005719086,0.5277634595901657,0.433182665870381,1,0,1,0,0,1,1,1,2,1,1,3,1,2,2,2,1,0,0,0,0,2,2,0,0,1,2,2,5,1,1
1,1,2,1,1,0.7254294964422535,0.4690232345327208,0.6251162574106005,2,0,1,0,0,1,0,0,1,1,1,3,1,2,2,1,2,0,0,0,0,2,2,1,0,1,1,2,4,2,2
0,1,1,2,2,0.5041293001243747,0.4690232345327208,0.6251162574106005,2,2,1,1,1,2,0,0,2,1,1,2,1,2,2,3,2,1,1,1,0,2,1,1,1,0,3,3,7,2,2
0,2,1,1,1,0.3553719008441233,0.4690232345327208,0.2652017323423765,1,0,1,0,1,3,0,0,0,1,1,2,1,2,3,3,3,1,1,0,1,3,2,0,0,1,2,2,5,3,2
0,1,2,2,1,0.5055446394403083,0.5697065570083024,0.5413865546218488,3,2,1,0,1,2,0,0,1,1,1,1,0,1,3,3,1,1,2,0,0,1,1,1,1,0,6,2,9,3,2
0,2,2,4,1,0.2813321005719086,0.4460716713574062,0.5178983703117349,1,2,1,0,1,3,0,0,1,1,1,2,0,2,2,1,3,0,0,1,0,2,2,1,1,0,1,2,4,3,1
0,3,3,3,2,0.7342055546273047,0.58079526080885,0.6209859275516705,3,2,1,1,0,1,1,1,3,1,2,3,1,3,2,3,1,0,2,0,0,3,2,1,0,0,4,2,4,0,1
1,2,2,1,1,0.2568807343877629,0.2312931317475115,0.1818216133781392,1,0,1,1,1,3,1,1,0,0,1,2,1,2,2,2,2,1,1,0,1,2,1,0,1,0,3,2,6,1,1
0,2,2,3,1,0.3553719008441233,0.2560048675697335,0.2068230990908619,2,2,1,1,0,1,1,1,2,1,1,2,1,2,2,2,1,2,0,1,1,3,2,1,1,0,4,1,4,0,1
1,1,2,1,1,0.6004666455841483,0.5277634595901657,0.433182665870381,1,1,1,0,1,2,0,0,0,0,1,1,0,1,2,2,1,2,2,0,0,2,1,1,0,1,7,3,7,3,2
1,1,2,2,2,0.3553719008441233,0.2560048675697335,0.2068230990908619,1,0,0,0,0,1,0,0,0,0,1,1,0,1,1,3,2,0,0,0,1,2,2,0,1,0,2,4,7,2,2
0,2,3,2,2,0.5041293001243747,0.5277634595901657,0.4911856615764921,4,2,1,1,1,3,1,1,2,1,2,3,1,3,2,1,2,0,0,1,0,2,2,1,1,0,1,2,3,1,1
1,1,1,1,1,0.4730210191672236,0.3924051042901554,0.3485496690247472,1,0,0,0,0,1,0,0,0,0,1,2,0,1,2,2,2,1,1,0,0,2,1,0,0,1,4,3,7,2,2
0,1,1,2,1,0.7254294964422535,0.4690232345327208,0.6251162574106005,1,0,0,0,0,1,0,0,0,0,1,1,0,1,2,2,2,1,0,0,0,2,1,0,0,1,3,3,7,2,2
0,1,3,1,1,0.2568807343877629,0.3924051042901554,0.3464152991515907,2,0,0,0,0,2,0,0,0,0,2,1,0,2,2,2,2,2,2,0,0,1,1,1,0,1,6,3,7,2,2
1,2,2,4,4,0.2568807343877629,0.2312931317475115,0.1818216133781392,3,1,0,0,0,1,1,1,3,1,2,2,0,2,2,2,2,2,2,1,0,2,3,0,1,0,6,4,4,1,0
1,1,2,1,1,0.2813321005719086,0.3924051042901554,0.3464152991515907,1,0,0,0,0,1,0,0,0,0,1,2,0,1,1,3,2,2,2,0,0,1,1,1,1,0,6,3,9,2,2
1,1,2,1,1,0.5041293001243747,0.4019442411205329,0.4019442411205329,2,2,1,1,0,1,1,0,1,1,1,2,0,2,2,3,2,2,2,0,0,1,1,0,1,0,6,2,8,0,2
1,1,1,1,1,0.5055446394403083,0.5277634595901657,0.433182665870381,1,2,1,1,1,3,1,0,2,1,1,2,1,2,2,1,2,2,1,1,0,2,2,0,0,1,4,2,4,1,1
0,1,3,2,1,0.7342055546273047,0.5727612338639113,0.4689015395923673,3,2,1,1,1,3,1,0,0,0,3,1,0,3,2,3,2,2,2,1,0,3,1,1,0,1,6,3,5,1,2
1,2,2,2,1,0.2568807343877629,0.2312931317475115,0.1818216133781392,2,1,0,0,0,1,0,0,3,0,1,2,1,2,1,2,2,1,1,0,0,2,2,1,1,0,3,3,5,2,0
0,2,1,1,1,0.5236582634987461,0.3924051042901554,0.4131023194505032,1,1,1,1,1,3,0,0,0,0,2,2,1,1,2,1,2,1,1,1,0,2,2,0,1,0,3,3,5,2,2
1,1,2,2,2,0.3553719008441233,0.4690232345327208,0.4498825798447005,2,2,1,1,1,3,0,1,1,1,1,2,1,3,2,2,2,0,2,0,0,2,2,0,0,1,3,2,4,2,1
1,3,1,2,1,0.2568807343877629,0.4690232345327208,0.3485496690247472,1,1,1,0,0,1,0,0,1,1,1,2,0,2,2,3,2,1,1,0,0,2,2,0,1,0,4,2,6,2,2
1,2,2,1,1,0.2568807343877629,0.2312931317475115,0.1818216133781392,1,0,0,0,0,1,0,0,1,1,1,2,1,3,3,1,2,2,1,1,0,3,2,0,1,0,4,2,2,2,0
0,1,1,2,1,0.2568807343877629,0.4690232345327208,0.6251162574106005,1,0,0,0,0,1,0,0,0,0,1,1,0,1,1,1,1,1,2,0,1,1,1,0,0,1,6,3,7,2,2
1,3,3,4,1,0.3553719008441233,0.2560048675697335,0.4860613946318852,3,2,1,1,0,1,1,1,1,1,1,2,1,3,3,1,3,1,0,1,0,3,3,1,1,0,1,1,1,0,1
1,1,2,1,1,0.4663865546218487,0.5727612338639113,0.376465660254669,2,1,0,0,0,1,0,0,0,0,1,1,0,2,2,2,2,0,0,0,0,1,1,0,0,1,2,3,7,2,2
0,2,1,2,2,0.7254294964422535,0.5697065570083024,0.5413865546218488,1,0,0,0,0,1,0,0,0,0,1,1,1,2,2,2,2,2,2,0,0,2,1,0,0,0,5,4,6,2,2
1,1,2,2,1,0.6004666455841483,0.5277634595901657,0.433182665870381,1,2,1,1,1,3,0,0,0,0,1,1,0,2,2,2,2,2,1,0,1,2,2,1,1,0,5,3,5,2,2
1,3,2,1,1,0.3553719008441233,0.3924051042901554,0.3464152991515907,1,0,0,0,1,2,0,0,0,0,1,1,0,1,1,3,3,2,1,0,0,2,1,0,1,0,4,3,8,3,2
0,2,3,3,3,0.2568807343877629,0.3924051042901554,0.3485496690247472,3,1,0,0,0,2,0,0,1,0,1,1,0,1,3,1,2,0,2,1,0,1,1,0,1,0,4,5,7,2,0
1,1,1,1,1,0.3553719008441233,0.2560048675697335,0.2774942828349492,2,4,1,1,1,2,0,1,1,1,1,3,1,3,3,1,3,1,0,1,0,2,2,0,0,1,1,1,3,2,1
0,2,2,5,2,0.5041293001243747,0.6028848047056141,0.4012782538087797,2,3,1,1,1,2,1,0,1,1,1,2,1,3,2,2,2,1,1,0,0,2,2,0,1,0,3,3,4,1,1
0,1,2,2,2,0.3553719008441233,0.2560048675697335,0.2068230990908619,1,3,1,1,0,1,1,0,3,1,2,2,1,3,3,3,1,0,1,1,0,2,3,0,0,1,3,3,4,0,1
0,3,4,4,4,0.5041293001243747,0.431284270194226,0.4913865546218487,2,4,1,1,1,3,1,1,3,1,1,3,1,3,2,2,2,0,0,1,1,3,3,0,1,0,1,4,2,1,1
0,1,1,1,1,0.5055446394403083,0.5277634595901657,0.5643102290371507,2,2,1,1,1,3,0,0,1,1,2,2,1,3,3,2,1,2,2,1,0,2,2,1,0,1,6,2,4,2,2
1,3,4,2,2,0.3553719008441233,0.2560048675697335,0.2774942828349492,6,2,0,0,0,1,0,0,0,0,3,1,0,2,2,2,2,1,1,1,1,2,2,1,1,0,4,4,5,2,0
1,1,2,2,2,0.6004666455841483,0.58079526080885,0.6209859275516705,3,1,1,1,1,3,1,0,0,0,1,2,1,2,2,3,1,2,2,1,0,2,2,1,0,1,6,4,6,1,2
1,2,2,2,2,0.4730210191672236,0.494729193738419,0.5188898574495677,2,1,1,0,0,1,0,0,2,1,1,1,1,3,2,3,2,0,0,0,0,2,2,1,1,0,1,3,5,2,0
1,1,3,1,1,0.5041293001243747,0.4690232345327208,0.6251162574106005,2,1,1,1,1,3,1,1,3,1,1,3,1,3,3,2,2,0,1,1,0,3,3,0,0,1,2,1,2,1,1
0,1,1,2,1,0.3553719008441233,0.494729193738419,0.5188898574495677,1,0,0,0,0,1,0,0,0,0,1,1,0,1,2,2,2,0,0,0,0,2,1,0,0,1,2,3,7,2,2
1,2,2,2,2,0.3553719008441233,0.494729193738419,0.5188898574495677,3,1,1,1,0,1,0,0,2,1,2,2,1,3,2,2,2,2,2,1,1,3,2,1,1,0,5,3,3,1,1
1,2,2,1,1,0.7254294964422535,0.4690232345327208,0.6251162574106005,1,0,0,0,0,1,0,0,0,0,1,2,1,2,2,2,2,1,1,0,0,1,1,1,1,0,3,3,7,2,2
0,3,3,3,2,0.5041293001243747,0.5727612338639113,0.4689015395923673,6,3,1,1,1,3,1,1,3,1,2,3,1,3,3,3,1,2,1,0,1,3,2,1,1,0,5,2,4,1,1
1,1,2,1,1,0.3553719008441233,0.3924051042901554,0.4423093152874278,2,2,1,0,0,3,0,0,1,1,1,2,1,2,2,1,2,1,1,0,0,2,2,1,0,1,3,2,4,2,2
1,2,3,2,2,0.2568807343877629,0.2312931317475115,0.1818216133781392,2,3,0,0,0,1,1,0,1,1,1,2,1,2,2,2,2,2,2,1,0,2,2,1,1,0,5,3,5,1,0
0,2,1,2,1,0.3553719008441233,0.5088547359679307,0.4913865546218487,2,2,1,1,0,1,0,0,0,0,2,2,0,1,2,2,2,1,2,1,0,2,1,0,1,0,5,3,7,1,2
1,1,2,1,1,0.2568807343877629,0.2312931317475115,0.1818216133781392,1,0,0,0,0,1,0,0,0,0,1,2,1,3,2,2,2,2,2,0,0,3,2,1,1,0,5,3,3,2,0
0,3,3,2,2,0.3553719008441233,0.2560048675697335,0.2774942828349492,3,1,1,1,1,3,1,1,0,0,1,1,0,2,2,1,2,1,1,1,0,2,2,1,1,0,4,3,4,1,0
1,2,2,1,1,0.2568807343877629,0.2312931317475115,0.5178983703117349,1,0,0,1,0,1,1,0,1,1,1,1,1,3,2,2,2,1,0,0,0,2,2,1,1,0,2,2,4,0,0
0,1,1,2,1,0.5041293001243747,0.4690232345327208,0.6251162574106005,1,2,1,1,1,3,0,1,1,1,1,2,1,2,1,1,2,1,1,0,0,3,2,0,0,1,3,1,3,2,1
1,1,1,1,1,0.3553719008441233,0.2560048675697335,0.2068230990908619,1,2,1,0,0,1,0,0,0,0,1,1,0,2,2,2,2,0,0,0,0,2,2,1,1,0,2,3,5,2,2
1,1,1,2,2,0.2813321005719086,0.4690232345327208,0.6251162574106005,1,3,1,0,0,1,0,0,0,0,1,1,0,1,1,1,1,1,2,0,0,2,1,0,1,0,6,4,6,2,2
1,1,2,1,1,0.2568807343877629,0.4460716713574062,0.5178983703117349,1,0,0,0,1,3,0,1,1,1,1,1,1,2,2,2,2,2,2,1,0,2,2,1,1,0,5,1,5,3,2
0,1,2,1,1,0.4663865546218487,0.5277634595901657,0.5643102290371507,2,0,1,1,1,2,0,0,1,0,2,2,1,1,2,1,2,0,1,0,0,2,2,0,0,1,2,3,5,2,2
1,1,2,2,2,0.2568807343877629,0.2312931317475115,0.1818216133781392,2,1,1,0,1,2,1,1,1,1,3,2,1,3,2,3,2,2,0,1,0,3,3,0,1,0,3,2,3,2,1
0,2,2,2,1,0.5041293001243747,0.3924051042901554,0.5178983703117349,4,1,1,1,0,1,1,1,2,1,2,2,1,2,2,1,1,0,2,1,1,2,2,1,1,0,4,1,4,0,1
1,1,2,1,1,0.6004666455841483,0.6028848047056141,0.6045206383292184,1,0,0,0,0,1,0,1,0,0,1,3,1,3,2,2,2,1,2,0,0,3,3,1,0,1,4,2,2,2,2
0,1,1,1,1,0.4663865546218487,0.4690232345327208,0.6251162574106005,1,0,1,0,0,1,0,0,0,1,1,2,0,2,1,3,2,2,1,0,0,2,2,0,0,1,5,2,6,2,2
0,1,2,2,2,0.4979663383385758,0.5727612338639113,0.3903093528618818,2,3,1,1,1,3,1,1,2,1,2,2,1,2,2,2,2,1,1,1,0,2,2,1,0,1,3,2,5,1,1
1,1,2,2,2,0.7254294964422535,0.5277634595901657,0.5643102290371507,2,1,1,0,0,1,0,0,1,1,1,2,1,3,1,2,2,0,0,1,0,2,2,1,1,0,1,3,4,2,1
1,2,3,2,2,0.2568807343877629,0.3924051042901554,0.3464152991515907,2,0,1,1,0,2,1,1,3,1,2,3,1,3,2,2,2,1,1,1,1,3,3,1,1,0,3,2,2,0,1
0,1,1,2,1,0.2568807343877629,0.3924051042901554,0.4498825798447005,1,0,1,1,1,3,1,1,3,1,2,3,1,3,2,1,2,2,2,1,0,2,2,1,0,1,5,1,3,1,1
1,2,1,3,1,0.5041293001243747,0.5444138749750935,0.557835589399299,2,0,1,0,0,1,0,0,0,0,1,1,0,1,1,3,2,2,2,0,0,2,1,1,1,0,6,3,8,2,2
0,2,2,1,1,0.4730210191672236,0.6028848047056141,0.6045206383292184,2,0,0,0,0,1,1,0,1,1,1,3,1,2,1,1,2,1,1,0,0,2,2,1,1,0,3,2,4,1,2
1,1,2,1,1,0.2568807343877629,0.3924051042901554,0.3485496690247472,1,0,0,0,0,1,0,0,0,0,1,1,0,1,1,3,2,2,2,0,0,1,1,0,1,0,6,3,9,2,2
0,2,2,3,3,0.7342055546273047,0.5727612338639113,0.5569570005567268,2,2,1,0,1,3,0,0,0,0,1,3,1,3,3,2,3,1,0,1,0,3,3,1,1,0,1,5,2,3,1
1,2,2,2,1,0.5041293001243747,0.494729193738419,0.5188898574495677,2,1,1,1,0,1,1,1,1,1,1,2,1,2,3,2,2,1,1,1,1,2,2,1,1,0,3,1,5,0,1
0,2,2,2,2,0.5055446394403083,0.58079526080885,0.6209859275516705,3,0,1,0,0,1,1,0,1,1,1,2,1,2,2,2,2,0,0,0,0,2,2,1,1,0,1,3,5,1,1
1,4,1,1,1,0.2568807343877629,0.3924051042901554,0.2652017323423765,1,0,0,1,1,2,0,0,0,0,1,1,1,3,3,3,1,2,0,1,0,2,2,1,1,0,4,3,5,2,0
0,3,1,2,2,0.5041293001243747,0.5277634595901657,0.5195136717366,1,2,1,1,1,3,1,1,1,1,1,3,1,3,2,3,1,0,1,0,0,3,2,1,1,0,3,2,4,1,1
0,2,1,4,1,0.4979663383385758,0.5277634595901657,0.4498825798447005,1,2,0,1,1,3,0,0,1,1,1,2,0,2,2,3,2,2,2,0,0,2,2,1,1,0,6,2,6,2,2
1,1,2,2,2,0.3553719008441233,0.2560048675697335,0.2068230990908619,1,2,1,1,1,3,1,1,1,1,3,3,1,3,1,3,1,0,0,0,0,2,1,0,1,0,2,2,6,1,1
1,1,1,2,2,0.2568807343877629,0.3924051042901554,0.3485496690247472,2,4,1,1,1,3,1,1,2,1,1,3,1,3,2,2,2,0,1,1,0,2,3,0,0,1,2,2,3,1,1
1,1,1,1,1,0.7254294964422535,0.4690232345327208,0.6251162574106005,1,0,1,1,1,3,0,0,0,0,1,1,0,2,2,3,3,2,0,0,0,3,2,1,1,0,3,3,5,2,2
1,3,2,3,1,0.2568807343877629,0.3924051042901554,0.4498825798447005,1,0,1,0,1,2,0,1,2,1,1,2,1,3,2,2,2,1,2,0,0,3,2,1,1,0,4,1,3,3,0
0,2,3,2,2,0.7342055546273047,0.5444138749750935,0.557835589399299,2,1,1,0,0,1,1,1,1,1,1,3,1,3,1,2,2,2,2,1,0,2,2,1,1,0,5,2,4,1,1
0,2,2,2,1,0.2568807343877629,0.3924051042901554,0.3485496690247472,1,2,1,1,0,1,0,0,1,1,2,2,1,2,2,1,1,2,1,0,0,2,2,0,1,0,5,2,4,1,2
0,1,2,1,1,0.3553719008441233,0.3924051042901554,0.3464152991515907,2,3,1,1,1,3,1,1,3,1,2,3,1,3,2,2,2,0,1,1,0,3,3,0,1,0,2,1,2,1,1
0,2,2,2,2,0.3553719008441233,0.2560048675697335,0.2068230990908619,2,3,1,1,1,3,1,1,2,1,2,3,1,3,3,3,2,2,0,1,1,3,2,1,1,0,3,2,4,1,1
1,1,2,1,1,0.3553719008441233,0.2560048675697335,0.3629994804424569,3,2,1,1,1,3,1,1,3,1,1,3,1,2,2,2,1,1,1,0,0,2,2,1,1,0,4,1,5,1,1
1,1,2,1,1,0.4239590626609834,0.4239590626609834,0.435687907264296,1,0,1,0,0,2,0,0,0,0,1,1,1,3,3,1,2,1,1,1,0,3,2,0,1,0,3,3,2,2,0
1,1,2,1,1,0.3553719008441233,0.4690232345327208,0.6251162574106005,1,1,1,0,0,3,0,0,0,1,1,1,0,1,1,3,1,2,2,0,1,1,1,0,0,1,7,2,9,2,2
0,1,2,1,1,0.3553719008441233,0.2560048675697335,0.3629994804424569,2,2,1,1,1,3,1,1,3,1,3,3,1,3,3,1,2,1,1,1,0,3,3,0,0,1,3,1,1,1,1
1,1,3,1,1,0.2568807343877629,0.2312931317475115,0.5178983703117349,1,2,0,0,1,2,0,0,0,0,1,1,0,1,3,1,2,1,2,1,0,2,3,1,1,0,5,3,4,3,2
1,3,3,3,3,0.5041293001243747,0.6028848047056141,0.4012782538087797,2,4,1,1,1,3,1,1,1,1,2,3,1,3,2,1,3,1,1,1,0,2,2,1,1,0,2,3,3,1,1
1,1,2,2,2,0.5041293001243747,0.4690232345327208,0.2652017323423765,2,3,1,1,1,3,1,1,3,1,2,3,0,3,2,1,3,1,0,1,0,3,3,0,0,1,2,2,1,1,1
1,1,2,1,1,0.2568807343877629,0.2312931317475115,0.1818216133781392,1,0,0,0,0,1,0,0,1,1,1,2,1,1,2,1,3,2,2,0,0,1,1,0,0,1,4,2,7,2,2
0,1,2,2,1,0.5041293001243747,0.4019442411205329,0.4019442411205329,2,2,1,1,1,1,1,1,1,1,1,2,1,2,2,2,2,1,0,1,0,2,3,1,1,0,2,1,4,1,1
1,3,2,5,5,0.2568807343877629,0.2312931317475115,0.1818216133781392,1,1,0,0,1,2,0,0,1,1,1,2,1,3,2,2,3,1,1,0,0,3,2,1,1,0,2,6,3,3,0
1,1,2,1,1,0.4239590626609834,0.4239590626609834,0.435687907264296,2,0,0,0,1,2,0,0,1,1,1,1,0,3,1,2,3,0,2,0,0,1,2,0,1,0,3,2,5,3,2
1,2,2,1,1,0.5055446394403083,0.5727612338639113,0.4194000662735777,1,0,1,0,0,1,0,0,1,0,1,1,0,1,1,1,2,0,0,0,0,1,1,0,1,0,2,3,7,2,2
0,2,2,2,2,0.3553719008441233,0.2560048675697335,0.2774942828349492,3,4,1,1,1,3,1,1,3,1,1,3,1,2,2,1,3,1,0,1,0,2,3,0,1,0,1,2,3,1,1
0,3,2,3,3,0.6004666455841483,0.3924051042901554,0.3464152991515907,3,0,1,1,1,3,1,1,2,1,3,2,1,2,2,2,2,0,0,1,1,2,2,1,1,0,1,3,5,1,1
0,1,2,2,2,0.3553719008441233,0.5727612338639113,0.4498825798447005,3,2,1,0,1,2,1,1,3,1,2,2,1,3,2,2,2,0,0,1,0,2,2,1,0,1,1,2,4,2,1
1,2,2,2,2,0.5041293001243747,0.5277634595901657,0.433182665870381,2,2,1,0,0,1,0,0,2,1,2,2,0,1,3,2,3,1,1,0,0,3,3,0,1,0,3,3,4,2,0
0,1,2,1,1,0.5569570005567268,0.5727612338639113,0.5062032724614461,2,1,0,0,1,2,0,0,0,0,2,1,0,3,3,2,2,1,1,0,0,2,2,1,0,1,4,3,4,3,2
1,1,1,1,1,0.2568807343877629,0.494729193738419,0.3970649205239838,2,0,1,1,1,3,1,1,3,1,2,3,1,3,2,2,1,0,0,1,1,3,2,1,0,1,2,1,3,1,1
0,3,3,1,1,0.3553719008441233,0.2560048675697335,0.2774942828349492,3,1,1,1,0,3,1,1,1,1,2,3,1,3,3,1,3,0,0,1,0,3,3,0,1,0,0,1,1,0,1
1,1,1,1,1,0.2568807343877629,0.2312931317475115,0.1818216133781392,1,0,0,0,0,1,1,0,1,1,1,2,1,2,3,2,3,2,2,1,0,1,2,0,0,1,4,2,6,1,2
0,1,2,2,1,0.6004666455841483,0.3924051042901554,0.5062032724614461,2,0,1,0,0,1,0,0,0,0,2,2,1,3,1,2,2,0,0,1,1,3,2,1,0,1,1,3,3,2,2
1,1,1,2,1,0.5236582634987461,0.5727612338639113,0.520389961286879,1,0,0,0,0,2,1,0,0,0,1,2,0,2,2,3,3,0,1,0,0,2,1,1,0,1,2,3,7,1,2
1,1,2,1,1,0.3553719008441233,0.5727612338639113,0.4174131178978558,1,0,0,0,0,2,0,0,0,0,1,1,0,1,1,3,1,2,2,0,0,1,1,0,0,1,7,3,9,2,2
1,2,2,2,1,0.2568807343877629,0.2312931317475115,0.1818216133781392,1,0,1,0,0,1,0,0,1,0,1,1,0,2,2,2,2,2,2,0,0,2,2,0,1,0,6,3,5,2,2
0,3,4,3,2,0.3553719008441233,0.2560048675697335,0.2774942828349492,4,4,1,1,1,3,1,1,3,1,3,3,1,3,2,2,2,2,2,1,1,3,3,1,1,0,5,2,2,1,1
0,1,2,1,1,0.4979663383385758,0.3904656642109549,0.3904656642109549,1,0,0,0,0,1,0,0,1,1,1,2,1,2,1,1,3,1,1,0,0,1,1,1,0,1,2,2,6,2,2
1,1,2,1,1,0.3553719008441233,0.4690232345327208,0.6251162574106005,1,0,1,1,0,1,0,0,0,0,1,2,1,2,2,1,2,1,1,1,0,2,2,0,0,1,3,3,4,1,2
0,1,1,1,1,0.5055446394403083,0.5727612338639113,0.5569570005567268,1,2,0,0,1,3,0,0,2,1,2,2,1,2,2,3,1,1,1,0,0,2,1,1,0,1,4,2,7,3,2
1,1,1,3,3,0.5055446394403083,0.5277634595901657,0.433182665870381,1,1,0,1,1,3,1,1,1,1,1,2,0,3,2,1,3,0,0,1,0,3,3,0,0,1,1,3,1,1,1
1,2,2,1,1,0.5055446394403083,0.5277634595901657,0.433182665870381,1,2,1,1,0,1,0,0,2,1,1,1,1,3,3,2,1,2,2,0,0,2,2,1,0,1,6,2,4,1,2
0,2,3,2,1,0.3553719008441233,0.2560048675697335,0.2774942828349492,4,1,1,0,1,2,0,0,1,0,3,1,0,2,2,1,1,2,2,0,0,2,2,1,1,0,7,3,4,3,2
0,1,1,1,1,0.3553719008441233,0.5697065570083024,0.5413865546218488,1,0,1,0,0,3,0,0,0,0,1,2,0,2,2,2,2,1,2,0,0,2,1,0,0,1,5,3,6,2,2
1,1,2,1,1,0.2568807343877629,0.2312931317475115,0.4483344683362005,2,0,0,0,0,1,1,0,0,0,1,1,0,1,2,3,3,1,2,0,0,2,1,1,0,1,4,3,8,1,2
1,2,2,2,2,0.7254294964422535,0.3924051042901554,0.3464152991515907,2,2,1,0,0,2,0,0,1,0,1,1,1,3,2,3,2,2,0,1,1,3,2,1,1,0,3,4,4,2,0
1,2,2,1,1,0.3553719008441233,0.5277634595901657,0.5195136717366,2,2,1,0,0,1,1,0,0,0,1,1,0,1,3,1,2,2,2,0,0,2,3,1,1,0,6,3,4,1,2
1,3,2,2,2,0.3553719008441233,0.2560048675697335,0.2774942828349492,2,0,0,0,0,1,0,0,0,0,1,1,0,1,1,1,2,2,2,0,0,1,1,0,1,0,6,4,7,2,2
0,2,3,2,2,0.2568807343877629,0.2312931317475115,0.1818216133781392,2,0,1,0,0,1,1,1,3,1,1,3,1,3,2,2,2,1,0,1,0,2,2,0,1,0,2,2,4,1,0
0,1,2,2,1,0.4730210191672236,0.3924051042901554,0.3464152991515907,1,2,0,0,0,2,0,0,0,1,1,2,0,2,2,2,2,2,2,0,0,2,2,0,0,1,6,2,5,2,2
1,2,2,5,5,0.7342055546273047,0.494729193738419,0.3970649205239838,3,2,1,0,0,1,1,1,1,1,2,3,1,3,2,1,2,0,1,1,0,3,3,0,0,0,2,5,1,1,0
1,1,2,1,1,0.4663865546218487,0.4690232345327208,0.6251162574106005,3,2,1,1,1,3,0,0,1,1,2,2,0,1,3,3,3,0,2,1,0,2,2,1,1,0,3,2,7,2,2
0,3,2,5,3,0.7254294964422535,0.4690232345327208,0.6251162574106005,4,2,1,0,0,1,0,1,1,1,2,1,1,2,2,1,3,2,1,0,0,2,2,0,1,0,3,3,4,2,0
0,2,1,1,1,0.5041293001243747,0.6028848047056141,0.4012782538087797,1,0,0,0,0,1,0,0,0,0,1,2,1,2,2,2,2,1,0,0,0,2,2,1,1,0,2,3,5,2,2
0,2,3,2,1,0.5041293001243747,0.5727612338639113,0.47073868350099,2,2,1,1,0,2,0,0,1,0,1,2,0,2,1,1,1,2,2,0,0,1,1,1,1,0,7,3,6,1,2
1,1,2,1,1,0.5055446394403083,0.5277634595901657,0.5195136717366,1,2,0,0,0,2,1,1,1,1,2,3,1,3,2,2,2,0,0,0,0,2,2,1,0,1,1,1,4,1,1
1,1,2,2,1,0.6004666455841483,0.5277634595901657,0.5195136717366,1,0,1,0,1,3,0,0,0,0,1,1,0,1,2,2,2,1,1,0,0,1,2,1,0,1,4,3,7,3,2
1,1,3,2,1,0.3553719008441233,0.3924051042901554,0.4498825798447005,2,1,0,1,1,3,1,1,1,1,2,3,1,3,2,2,1,0,1,1,0,3,3,1,0,1,3,1,2,1,1
1,1,2,1,1,0.4663865546218487,0.6028848047056141,0.6045206383292184,2,0,0,0,1,3,1,1,3,1,1,2,1,3,2,2,2,0,0,0,0,2,2,0,1,0,1,1,4,2,1
1,1,2,1,1,0.5041293001243747,0.6028848047056141,0.6045206383292184,2,4,1,1,1,2,1,1,2,1,1,2,0,2,1,1,2,1,2,1,0,1,1,1,0,1,5,1,6,1,2
1,1,2,1,1,0.3553719008441233,0.5088547359679307,0.4913865546218487,2,0,1,0,0,1,0,0,1,1,1,2,1,2,2,2,2,0,0,0,0,2,2,1,0,1,1,2,5,2,2
1,1,2,2,1,0.4730210191672236,0.3924051042901554,0.3464152991515907,2,2,1,1,1,3,1,0,0,0,1,1,0,1,2,2,2,1,1,0,0,1,1,1,0,1,4,3,8,1,2
1,2,2,2,2,0.2568807343877629,0.2312931317475115,0.1818216133781392,2,0,1,0,0,1,0,1,0,0,1,3,1,3,2,2,2,1,1,1,0,2,3,0,1,0,3,3,3,2,0
0,3,1,5,2,0.3553719008441233,0.5065741346176669,0.4498825798447005,2,0,1,0,1,3,1,1,1,1,2,3,1,3,3,2,3,2,0,1,0,3,3,1,1,0,2,2,2,2,1
1,1,2,1,1,0.5055446394403083,0.5277634595901657,0.433182665870381,1,2,1,0,1,3,0,0,1,0,1,1,0,2,1,2,2,2,2,0,0,2,1,1,0,1,6,3,6,3,2
1,2,2,1,1,0.2568807343877629,0.2312931317475115,0.1818216133781392,2,0,0,0,0,1,0,0,0,0,1,1,1,1,2,2,2,0,0,0,0,2,3,1,1,0,1,3,5,2,0
0,1,2,3,3,0.5041293001243747,0.5280567983484041,0.520389961286879,4,2,1,1,1,1,0,0,0,1,1,2,1,1,2,2,2,1,1,0,0,1,1,1,0,1,3,4,8,2,2
0,3,2,2,2,0.4979663383385758,0.5277634595901657,0.4012782538087797,2,1,0,0,1,3,0,1,0,0,1,2,1,3,2,2,2,2,1,1,0,2,2,0,0,1,4,3,4,3,2
1,2,1,1,1,0.6004666455841483,0.5277634595901657,0.5195136717366,1,0,1,1,1,3,1,0,0,0,1,2,0,2,1,3,2,2,0,0,0,1,1,0,0,1,4,3,8,1,2
1,2,2,1,1,0.3553719008441233,0.2560048675697335,0.2068230990908619,1,0,1,0,0,3,0,0,0,0,1,1,0,1,3,1,2,0,0,0,0,3,1,0,0,1,2,3,5,2,2
1,2,1,2,1,0.3553719008441233,0.2560048675697335,0.4194000662735777,1,2,0,0,0,1,0,0,2,1,1,2,0,1,3,1,3,2,2,0,0,2,1,1,1,0,5,2,6,2,2
1,1,3,2,2,0.3553719008441233,0.2560048675697335,0.2068230990908619,1,3,0,0,0,1,1,0,3,1,1,3,1,3,2,2,2,0,0,0,0,2,2,0,1,0,1,3,4,1,0
0,2,2,1,1,0.3553719008441233,0.3924051042901554,0.3464152991515907,2,2,1,0,1,2,0,0,0,0,1,1,1,2,2,1,2,1,2,0,0,2,2,0,1,0,4,3,4,3,2
0,2,1,1,1,0.5055446394403083,0.5088547359679307,0.4689015395923673,1,3,1,1,1,3,1,1,3,1,3,3,1,2,3,2,2,2,0,1,1,2,2,0,1,0,3,1,5,1,1
1,1,1,1,1,0.4730210191672236,0.5088547359679307,0.4498825798447005,1,0,1,1,1,3,0,0,0,0,1,3,1,2,2,2,2,1,1,0,0,2,2,0,0,1,3,3,5,2,2
0,2,2,2,2,0.5041293001243747,0.3924051042901554,0.5178983703117349,3,1,1,1,1,3,1,1,1,1,2,3,1,3,2,2,1,2,1,1,1,2,3,1,0,1,5,2,3,1,1
1,1,2,2,1,0.3553719008441233,0.494729193738419,0.5188898574495677,2,1,1,0,0,1,1,0,2,1,1,2,1,2,2,1,2,0,0,0,0,2,2,1,1,0,1,2,4,1,1
1,1,1,2,2,0.5041293001243747,0.5727612338639113,0.4131023194505032,2,2,1,0,0,1,1,1,2,1,2,3,1,3,2,2,2,1,1,1,0,3,2,0,1,0,3,2,3,1,1
0,1,2,1,1,0.5041293001243747,0.4690232345327208,0.2652017323423765,2,0,1,0,0,1,1,0,0,0,1,2,1,2,2,1,2,1,0,1,0,3,2,0,0,1,2,3,3,1,1
1,2,3,2,2,0.5055446394403083,0.5277634595901657,0.433182665870381,3,2,1,1,0,2,0,0,1,0,1,2,0,2,3,1,3,0,0,1,0,2,2,1,1,0,1,4,4,1,0
0,1,1,1,1,0.3553719008441233,0.4690232345327208,0.2652017323423765,2,1,1,0,0,1,1,1,1,1,1,3,1,3,3,1,2,1,1,0,1,2,2,1,0,1,3,1,3,1,1
0,3,2,5,1,0.5055446394403083,0.5277634595901657,0.5643102290371507,2,2,1,1,1,2,0,0,0,0,3,1,0,2,1,3,1,2,2,1,0,1,2,1,1,0,7,3,7,2,2
0,3,2,2,2,0.2568807343877629,0.2312931317475115,0.1818216133781392,1,0,0,0,0,1,0,0,0,0,1,1,0,1,1,2,1,2,2,0,1,1,1,1,1,0,7,4,8,2,2
1,2,2,2,2,0.2568807343877629,0.2312931317475115,0.1818216133781392,2,0,1,1,0,1,1,1,3,1,1,2,0,2,2,2,2,0,1,1,0,2,2,0,1,0,3,2,5,0,0
0,2,3,2,2,0.3553719008441233,0.3924051042901554,0.3464152991515907,3,1,1,1,1,3,1,1,1,1,1,2,1,2,2,1,2,0,1,1,0,2,2,1,0,1,2,2,4,1,1
1,2,3,3,3,0.4663865546218487,0.3924051042901554,0.3464152991515907,2,4,1,1,1,3,1,1,2,1,1,3,1,1,3,1,3,0,0,0,0,2,2,0,1,0,0,3,5,1,1
0,3,3,1,1,0.5041293001243747,0.6028848047056141,0.4911856615764921,2,0,0,0,1,2,0,0,0,0,1,1,0,3,1,2,1,2,2,0,0,1,1,1,1,0,7,3,6,3,2
1,2,2,3,3,0.2568807343877629,0.2312931317475115,0.1818216133781392,3,0,0,0,0,1,1,1,2,1,1,1,0,2,1,1,2,2,2,0,0,2,2,0,1,0,6,3,4,1,0
0,2,2,3,3,0.2568807343877629,0.2312931317475115,0.1818216133781392,3,1,0,0,1,3,1,1,3,1,1,3,1,3,3,1,3,1,0,1,0,3,2,0,1,0,1,3,2,2,0
0,2,2,4,4,0.2813321005719086,0.4690232345327208,0.6251162574106005,2,3,1,1,1,3,1,1,1,1,1,3,1,3,2,2,2,0,1,1,1,2,2,0,1,0,2,4,4,1,1
1,1,2,1,1,0.5055446394403083,0.5277634595901657,0.5195136717366,1,2,1,0,1,3,0,0,1,0,2,1,0,1,2,2,1,1,1,0,0,2,1,1,0,1,5,3,7,3,2
1,1,2,2,1,0.5055446394403083,0.5277634595901657,0.5195136717366,1,2,0,0,1,2,0,0,1,1,2,2,1,2,2,3,2,2,2,0,0,2,1,1,0,1,5,2,7,3,2
0,1,2,1,1,0.5569570005567268,0.5280567983484041,0.5062032724614461,1,2,1,1,1,2,1,1,1,1,1,2,1,2,2,2,1,2,2,1,0,2,2,1,0,1,6,1,5,1,1
1,2,2,1,1,0.2568807343877629,0.2312931317475115,0.1818216133781392,1,0,0,0,0,1,0,0,1,1,1,1,1,1,2,1,2,1,0,1,0,2,2,0,1,0,2,2,5,2,0
0,2,3,1,1,0.2813321005719086,0.431284270194226,0.4913865546218487,2,4,1,1,1,3,1,1,3,1,3,3,1,3,2,2,2,0,0,1,0,2,2,1,1,0,1,1,4,1,1
1,2,3,2,2,0.5041293001243747,0.4019442411205329,0.4019442411205329,3,2,1,0,0,1,1,1,2,1,1,2,1,3,3,2,2,1,1,1,0,3,2,0,1,0,3,2,3,1,1
1,1,2,2,2,0.2568807343877629,0.2312931317475115,0.1818216133781392,1,0,0,0,0,1,1,1,3,1,1,3,1,3,3,1,3,0,0,1,0,3,3,1,1,0,0,2,1,1,0
1,3,2,5,5,0.2568807343877629,0.2312931317475115,0.1818216133781392,2,0,0,0,0,1,1,0,3,1,1,2,1,3,3,2,2,2,2,1,0,3,3,0,1,0,5,6,2,1,0
1,4,1,7,7,0.2568807343877629,0.2312931317475115,0.1818216133781392,2,1,0,0,0,1,0,0,1,1,1,1,1,2,3,2,3,1,1,1,1,3,2,1,1,0,2,8,4,2,0
1,2,2,2,2,0.3553719008441233,0.4690232345327208,0.2652017323423765,2,1,0,0,0,1,0,0,3,0,1,1,0,1,2,3,2,1,2,0,0,2,1,1,1,0,5,4,8,2,2
1,1,2,1,1,0.6004666455841483,0.6028848047056141,0.6045206383292184,2,2,1,0,0,1,0,1,0,0,1,1,0,3,1,2,1,1,2,1,0,2,1,0,0,1,6,2,5,2,2
0,2,2,3,3,0.2568807343877629,0.2312931317475115,0.1818216133781392,2,1,0,0,0,1,0,0,1,1,1,1,0,2,2,2,2,2,1,0,0,2,2,0,1,0,5,4,5,2,0
1,1,1,1,1,0.3553719008441233,0.4690232345327208,0.2652017323423765,1,1,1,0,1,3,1,1,0,1,1,2,1,3,2,2,3,1,0,1,0,3,3,0,0,1,1,1,2,2,1
1,1,2,1,1,0.2568807343877629,0.4460716713574062,0.5178983703117349,1,0,0,0,0,1,0,0,0,0,1,1,0,1,1,1,3,2,2,0,0,1,1,1,0,1,5,3,7,2,2
0,1,2,2,1,0.5041293001243747,0.3924051042901554,0.5178983703117349,1,0,0,1,0,2,1,1,0,0,2,3,1,3,3,2,3,1,0,0,0,3,3,1,0,1,1,2,2,0,1
1,3,2,2,2,0.5041293001243747,0.6028848047056141,0.4012782538087797,4,2,1,1,0,1,0,0,0,1,1,2,1,3,2,2,3,0,1,1,0,2,2,1,1,0,1,3,4,1,1
1,2,2,1,1,0.2568807343877629,0.2312931317475115,0.1818216133781392,1,0,1,0,0,1,0,0,0,0,1,1,0,1,2,2,2,2,2,0,0,2,1,0,1,0,6,3,7,2,2
0,3,2,4,1,0.7254294964422535,0.431284270194226,0.4174131178978558,7,3,1,1,0,1,0,0,2,1,1,2,0,3,2,2,2,0,2,0,0,2,2,1,1,0,4,2,4,1,1
0,1,2,1,1,0.4979663383385758,0.58079526080885,0.4413865546218487,1,2,1,0,0,2,0,0,0,0,2,2,1,2,2,1,2,2,1,0,0,2,2,1,0,1,4,3,4,2,2
0,1,1,2,1,0.7342055546273047,0.5727612338639113,0.5569570005567268,1,2,1,0,0,1,0,0,0,0,1,1,0,1,1,1,1,2,2,1,0,1,1,0,0,1,7,3,7,2,2
1,1,1,1,1,0.2568807343877629,0.3924051042901554,0.3485496690247472,1,0,1,0,0,1,0,0,2,1,1,2,1,2,2,2,2,2,2,0,0,1,2,0,0,1,5,2,6,2,2
0,2,3,4,1,0.5055446394403083,0.3924051042901554,0.3485496690247472,1,0,0,0,0,1,1,0,1,1,1,1,0,2,1,1,2,0,0,0,0,2,1,0,1,0,2,2,5,1,0
1,1,3,1,1,0.2568807343877629,0.2312931317475115,0.1818216133781392,2,3,1,0,1,2,0,1,2,1,1,1,0,2,2,2,1,2,2,0,0,2,2,1,0,1,7,1,5,3,2
0,2,2,2,2,0.5055446394403083,0.3924051042901554,0.4498825798447005,3,2,1,1,0,1,1,1,1,1,2,3,1,2,2,2,2,0,0,1,0,3,3,0,1,0,1,2,3,0,1
1,1,2,1,1,0.5041293001243747,0.5277634595901657,0.433182665870381,1,0,0,0,0,1,0,0,0,0,1,1,0,1,2,1,2,1,2,0,0,1,1,1,0,1,5,3,7,2,2
1,1,2,1,1,0.3553719008441233,0.2560048675697335,0.4174131178978558,2,2,1,0,1,2,0,0,0,0,1,2,0,3,2,2,2,2,2,1,0,1,1,0,0,1,6,3,6,3,2
0,2,3,2,2,0.6004666455841483,0.3924051042901554,0.3464152991515907,3,2,1,1,1,3,1,1,1,1,3,3,1,2,2,2,2,0,1,1,1,2,2,1,1,0,2,2,5,1,1
1,2,4,2,2,0.3553719008441233,0.2560048675697335,0.2774942828349492,7,4,1,1,1,3,1,1,2,1,1,3,1,2,2,2,1,1,1,1,0,2,2,0,1,0,4,2,5,1,1
1,2,3,1,1,0.3553719008441233,0.4690232345327208,0.2652017323423765,2,0,1,0,0,1,0,0,0,0,1,1,0,1,1,2,1,1,2,0,0,1,1,0,1,0,6,3,8,2,2
0,1,2,2,1,0.3553719008441233,0.4690232345327208,0.6251162574106005,2,0,1,0,0,1,0,0,2,1,1,2,1,2,1,2,2,0,0,0,0,2,2,1,0,1,1,2,5,2,2
0,2,2,1,1,0.3553719008441233,0.2560048675697335,0.2068230990908619,1,3,1,1,1,3,1,1,2,1,2,3,1,3,2,2,2,0,0,1,0,2,2,0,0,0,1,1,4,1,1
1,1,2,1,1,0.2813321005719086,0.58079526080885,0.4413865546218487,2,2,1,1,0,1,1,1,1,1,1,2,1,2,2,2,1,1,2,0,0,2,2,1,0,1,5,1,5,0,1
0,1,1,2,2,0.3553719008441233,0.4690232345327208,0.2652017323423765,2,0,1,1,1,3,1,1,2,1,1,2,1,2,2,2,2,0,0,1,0,2,3,1,0,1,1,2,4,1,1
1,1,2,1,1,0.6004666455841483,0.3924051042901554,0.3464152991515907,2,2,1,1,0,3,1,1,0,0,1,2,1,3,3,1,3,2,2,1,0,3,3,0,0,1,4,2,1,0,1
1,1,2,2,1,0.2813321005719086,0.5727612338639113,0.4911856615764921,3,0,1,1,1,3,1,1,1,1,2,2,1,2,2,2,2,0,1,1,1,3,2,1,1,0,2,1,4,1,1
0,1,2,1,1,0.5041293001243747,0.5088547359679307,0.4913865546218487,2,2,1,1,0,1,0,0,0,0,1,1,0,3,2,2,1,1,1,1,0,3,1,0,0,1,5,3,4,1,2
1,1,2,1,1,0.7254294964422535,0.3924051042901554,0.3485496690247472,2,1,0,1,0,1,1,1,2,1,1,2,1,2,2,2,3,1,1,0,0,2,2,0,0,1,2,1,5,0,1
1,1,2,1,1,0.2568807343877629,0.2312931317475115,0.1818216133781392,1,0,1,1,0,1,1,1,1,1,1,3,1,3,3,3,2,0,0,1,0,2,2,0,0,1,1,1,5,0,1
0,2,2,4,1,0.7254294964422535,0.4690232345327208,0.6251162574106005,2,2,1,1,1,3,0,0,3,1,2,1,0,1,1,2,2,2,2,0,0,2,1,0,1,0,6,2,7,2,2
1,1,1,1,1,0.7342055546273047,0.5277634595901657,0.5643102290371507,1,2,1,1,0,2,0,0,1,0,2,3,1,3,2,1,1,2,2,1,0,1,2,1,0,1,6,3,4,1,2
1,1,2,1,1,0.6004666455841483,0.3924051042901554,0.5062032724614461,1,0,0,0,0,1,1,0,0,0,1,1,0,3,3,1,3,0,2,1,1,3,1,1,1,0,3,3,3,1,2
1,2,2,2,1,0.3553719008441233,0.3924051042901554,0.5062032724614461,1,0,1,1,0,1,1,0,1,1,1,2,1,3,2,2,3,1,1,0,0,3,3,0,0,1,2,2,2,0,1
1,1,2,2,2,0.2813321005719086,0.3924051042901554,0.3464152991515907,1,0,0,0,0,1,0,0,0,0,1,1,0,1,3,2,2,1,1,0,0,1,1,0,1,0,4,4,8,2,2
1,2,2,2,2,0.7342055546273047,0.5727612338639113,0.47073868350099,3,2,1,1,1,3,1,1,2,1,2,3,1,3,2,2,2,2,1,1,0,3,3,0,1,0,4,2,2,1,1
0,2,3,2,2,0.5041293001243747,0.5277634595901657,0.5643102290371507,2,4,1,1,1,3,1,1,2,1,3,3,1,3,3,1,3,0,0,1,0,3,2,0,1,0,0,2,2,1,1
1,1,3,2,2,0.3553719008441233,0.3924051042901554,0.3464152991515907,3,3,1,1,1,3,1,1,3,1,1,3,1,3,2,2,2,1,2,0,1,2,3,1,0,0,4,2,3,1,1
0,2,1,2,2,0.5055446394403083,0.5697065570083024,0.5413865546218488,1,2,0,0,0,1,0,0,0,0,1,3,1,2,1,1,2,1,1,0,0,3,1,0,1,0,3,4,4,2,2
1,2,1,1,1,0.5055446394403083,0.5277634595901657,0.3464152991515907,1,0,0,0,1,3,1,1,0,0,1,1,0,1,2,1,2,1,1,1,0,2,2,0,1,0,4,2,5,2,2
1,1,2,2,2,0.2568807343877629,0.3924051042901554,0.3464152991515907,2,0,0,0,0,2,1,1,2,1,1,3,1,3,2,2,2,1,1,1,0,2,2,0,1,0,3,2,4,1,0
0,2,1,3,3,0.3553719008441233,0.5697065570083024,0.5413865546218488,2,1,1,0,0,1,1,1,0,0,1,3,1,3,2,2,2,1,1,1,0,3,2,0,1,0,3,4,3,1,0
1,1,2,1,1,0.3553719008441233,0.2560048675697335,0.3629994804424569,2,0,0,1,0,2,0,1,0,0,1,1,0,2,2,1,1,2,2,0,0,1,1,1,1,0,7,2,6,1,2
0,3,1,3,3,0.5055446394403083,0.5727612338639113,0.4020705871988475,1,3,1,0,1,3,1,1,2,1,3,3,1,3,2,2,2,0,2,1,1,2,2,1,1,0,3,3,4,2,1
1,1,2,1,1,0.2813321005719086,0.4690232345327208,0.6251162574106005,1,1,1,1,1,3,1,0,0,0,1,3,1,2,3,2,1,1,1,0,0,3,2,1,0,1,4,3,4,1,2
0,1,4,4,4,0.3553719008441233,0.2560048675697335,0.2774942828349492,4,4,1,1,1,3,1,1,3,1,1,3,1,3,3,1,2,0,1,1,0,3,3,0,1,0,2,4,1,1,1
1,3,2,3,3,0.2568807343877629,0.3924051042901554,0.3464152991515907,3,2,1,1,1,3,1,1,3,1,2,3,1,3,2,2,2,0,0,1,0,2,2,1,1,0,1,3,4,1,1
1,1,1,1,1,0.6004666455841483,0.4690232345327208,0.6251162574106005,1,2,1,0,0,1,1,0,0,0,1,2,1,2,3,2,2,2,2,0,0,2,2,0,0,1,5,3,5,1,2
0,2,2,2,1,0.7342055546273047,0.5727612338639113,0.5569570005567268,2,2,1,0,0,3,0,0,0,0,1,2,0,1,2,3,1,2,2,0,0,1,2,1,1,0,7,3,8,2,2
1,2,2,1,1,0.3553719008441233,0.4690232345327208,0.2068230990908619,1,3,1,1,1,3,1,1,2,1,1,3,1,2,2,2,2,2,0,1,1,3,2,1,1,0,3,1,4,1,1
1,1,2,1,1,0.3553719008441233,0.4690232345327208,0.2652017323423765,2,0,1,0,1,2,1,1,3,1,2,2,1,2,2,2,2,0,0,0,0,2,2,1,1,0,1,1,5,2,1
0,1,2,2,2,0.3553719008441233,0.5088547359679307,0.4913865546218487,1,0,1,0,0,1,0,0,0,0,1,1,0,2,3,1,3,2,2,0,1,2,1,1,1,0,5,4,5,2,2
1,2,2,2,2,0.2568807343877629,0.2312931317475115,0.1818216133781392,2,0,0,0,0,1,1,0,3,1,1,3,1,3,2,2,2,1,1,1,0,2,2,0,1,0,3,3,4,1,0
1,1,2,2,1,0.3553719008441233,0.4690232345327208,0.2652017323423765,1,0,0,0,0,1,0,0,2,1,1,2,0,2,2,2,2,0,2,0,0,2,1,0,0,1,4,2,6,2,2
0,1,1,1,1,0.5055446394403083,0.5727612338639113,0.520389961286879,2,0,1,0,0,1,0,0,1,0,1,2,0,2,1,2,2,1,1,0,0,2,2,1,0,1,4,3,5,2,2
1,1,3,2,1,0.2568807343877629,0.3924051042901554,0.3970649205239838,1,1,0,0,1,2,0,0,1,0,1,1,0,3,1,3,1,2,2,0,0,2,1,1,1,0,7,3,6,3,2
0,1,2,1,1,0.5055446394403083,0.58079526080885,0.4498825798447005,3,2,1,1,0,1,1,1,3,1,2,2,1,3,2,1,2,0,0,1,0,3,3,0,0,1,1,1,1,0,1
1,3,2,4,4,0.2568807343877629,0.2312931317475115,0.1818216133781392,3,1,0,0,0,1,1,0,3,1,1,1,1,3,2,2,2,1,1,1,0,3,3,0,1,0,3,5,2,1,0
0,1,1,1,1,0.2813321005719086,0.3924051042901554,0.4498825798447005,1,4,1,1,1,3,1,1,1,1,2,3,1,3,2,2,2,0,0,1,0,3,3,0,0,1,1,1,2,1,1
1,1,2,2,1,0.3553719008441233,0.3924051042901554,0.4498825798447005,1,1,0,1,1,3,1,0,1,1,1,2,0,2,2,3,1,2,2,0,0,2,2,1,1,0,7,2,6,1,2
1,2,1,2,2,0.5055446394403083,0.5277634595901657,0.5195136717366,1,1,1,1,0,3,1,0,1,1,1,2,1,2,2,2,2,1,1,1,0,2,2,1,1,0,3,3,5,0,1
1,1,2,2,1,0.7254294964422535,0.5277634595901657,0.5643102290371507,2,0,1,1,1,3,0,0,1,1,2,2,1,2,1,3,2,1,1,1,0,2,2,1,1,0,3,2,6,2,2
0,1,2,2,1,0.4423093152874278,0.3924051042901554,0.3464152991515907,2,2,1,1,0,1,1,0,1,1,1,1,0,3,2,3,1,2,2,0,0,1,1,1,0,1,7,2,7,0,2
1,1,2,1,1,0.3553719008441233,0.2560048675697335,0.3325968600857093,2,1,1,1,0,1,1,1,0,1,1,3,1,3,3,2,2,2,0,1,0,3,3,1,0,1,3,1,2,0,1
0,2,3,1,1,0.7254294964422535,0.58079526080885,0.4012782538087797,3,1,0,0,0,1,0,0,1,1,2,1,0,1,2,1,3,1,1,1,0,2,2,0,1,0,3,2,5,2,2
1,3,2,4,4,0.2568807343877629,0.2312931317475115,0.1818216133781392,1,1,0,0,0,1,1,0,2,1,1,2,1,2,3,1,2,2,1,1,0,2,2,0,1,0,4,5,4,1,0
0,1,2,1,1,0.3553719008441233,0.3924051042901554,0.3464152991515907,1,0,1,0,1,3,0,0,1,1,2,1,0,1,2,2,2,2,2,0,0,2,1,0,0,1,6,2,7,3,2
1,2,2,2,1,0.3553719008441233,0.3924051042901554,0.3485496690247472,1,0,0,0,0,1,0,0,1,1,1,2,0,2,2,1,2,0,0,0,0,2,2,0,1,0,2,2,4,2,0
0,1,1,2,2,0.7342055546273047,0.5697065570083024,0.5413865546218488,1,0,0,0,0,1,0,0,0,0,1,1,0,1,1,1,3,1,1,0,0,1,1,0,0,1,3,4,7,2,2
0,3,4,1,1,0.2568807343877629,0.2312931317475115,0.1818216133781392,1,1,0,0,0,1,0,0,2,0,1,1,0,1,1,2,3,2,2,0,0,1,1,1,1,0,5,3,8,2,2
1,1,1,1,1,0.7254294964422535,0.4690232345327208,0.6251162574106005,2,0,1,1,1,2,0,0,1,1,1,2,1,2,2,1,2,1,1,1,0,2,2,1,0,1,3,2,4,2,2
0,1,1,1,1,0.2813321005719086,0.4690232345327208,0.2652017323423765,1,1,1,0,1,2,0,0,0,0,1,2,1,3,3,2,2,1,0,0,0,2,3,0,0,1,2,3,3,3,2
0,1,2,1,1,0.3553719008441233,0.2560048675697335,0.3325968600857093,2,1,1,0,1,2,0,0,1,1,2,2,0,3,2,2,2,2,2,0,0,2,1,1,0,1,6,2,5,3,2
0,4,2,7,7,0.4730210191672236,0.5088547359679307,0.4498825798447005,2,0,0,0,0,2,1,0,1,0,1,3,1,2,3,2,2,2,2,0,0,2,2,0,1,0,5,9,5,1,0
0,2,3,3,1,0.5041293001243747,0.6028848047056141,0.6045206383292184,2,0,1,0,0,1,0,0,1,0,1,1,0,1,2,1,2,0,0,0,0,2,2,0,1,0,2,3,5,2,2
1,1,2,1,1,0.7254294964422535,0.4690232345327208,0.6251162574106005,1,0,1,0,1,2,0,0,1,1,1,2,0,2,1,1,2,0,0,0,0,2,2,1,0,1,2,2,4,3,2
0,1,1,1,1,0.2813321005719086,0.4690232345327208,0.6251162574106005,1,1,0,1,1,3,0,0,0,1,1,1,1,2,2,2,2,1,1,1,0,3,3,0,0,1,3,2,3,2,2
0,1,2,1,1,0.3553719008441233,0.2560048675697335,0.2652017323423765,2,2,1,0,0,1,0,0,1,0,1,2,0,2,1,1,1,2,2,0,0,1,1,1,0,1,7,3,6,2,2
0,2,2,2,2,0.3553719008441233,0.2560048675697335,0.2068230990908619,1,0,1,1,1,3,0,0,0,0,1,2,0,2,2,2,2,0,2,0,0,2,1,0,1,0,4,4,6,2,2
1,1,1,1,1,0.5055446394403083,0.5277634595901657,0.433182665870381,1,1,1,1,0,2,1,1,0,1,1,2,1,2,2,1,2,1,0,1,0,2,2,0,0,1,2,1,4,0,1
0,2,2,2,2,0.4663865546218487,0.58079526080885,0.6209859275516705,3,2,1,0,0,1,0,0,1,1,1,3,1,2,2,2,2,0,0,1,0,2,2,1,1,0,1,3,5,2,1
1,1,2,1,1,0.4239590626609834,0.4239590626609834,0.435687907264296,1,0,0,0,1,2,0,0,0,0,1,1,0,1,1,3,2,2,2,0,0,1,1,1,0,1,6,3,9,3,2
0,1,2,2,1,0.5041293001243747,0.5280567983484041,0.4689015395923673,4,2,1,0,1,1,0,0,0,0,1,1,1,2,2,2,1,1,0,1,0,1,2,1,0,1,3,3,6,3,2
0,1,2,1,1,0.3553719008441233,0.4690232345327208,0.2652017323423765,2,0,0,0,0,1,0,0,0,0,1,1,0,1,3,2,2,1,2,0,0,1,1,1,1,0,5,3,8,2,2
0,2,2,2,1,0.6004666455841483,0.3924051042901554,0.3464152991515907,3,2,1,0,0,1,0,0,1,1,2,2,0,2,2,3,2,0,1,0,0,2,2,1,0,1,3,2,6,2,2
1,4,2,1,1,0.2568807343877629,0.2312931317475115,0.1818216133781392,1,0,0,1,0,2,0,1,1,1,1,3,1,3,2,2,2,1,1,1,0,2,2,1,1,0,3,1,4,1,0
1,1,2,2,1,0.5055446394403083,0.58079526080885,0.6209859275516705,3,1,1,1,1,3,1,1,1,1,1,3,1,2,2,1,2,1,1,1,0,3,3,1,1,0,3,1,2,1,1
1,2,3,2,2,0.2568807343877629,0.2312931317475115,0.4483344683362005,2,1,0,0,0,1,0,0,1,1,1,2,1,2,1,3,2,2,2,1,0,2,2,1,0,1,5,3,6,2,2
1,1,2,1,1,0.4730210191672236,0.4690232345327208,0.2652017323423765,1,2,1,0,0,1,1,0,1,1,2,3,1,3,2,2,2,1,1,0,0,3,2,0,1,0,3,2,3,1,1
1,1,2,2,2,0.2813321005719086,0.494729193738419,0.3970649205239838,2,0,1,1,1,2,1,1,2,1,1,3,1,3,2,2,3,0,1,1,1,3,3,1,1,0,1,2,2,1,1
1,1,2,1,1,0.5041293001243747,0.3924051042901554,0.3485496690247472,1,0,0,1,1,1,0,0,1,1,1,2,1,2,2,2,2,2,2,1,0,2,2,0,0,1,5,2,5,2,2
0,2,1,4,1,0.5055446394403083,0.5727612338639113,0.4860613946318852,1,0,0,0,1,2,0,0,2,1,1,1,0,2,2,1,2,1,1,0,0,2,1,1,1,0,4,2,5,3,2
0,1,2,2,1,0.4979663383385758,0.5444138749750935,0.557835589399299,1,1,1,1,1,3,0,0,0,0,2,1,0,2,2,2,3,0,1,1,0,2,2,0,0,1,2,3,5,2,2
0,1,2,1,1,0.3553719008441233,0.4690232345327208,0.6251162574106005,1,0,1,0,1,2,0,0,1,1,1,2,1,2,2,1,2,0,0,0,0,2,2,1,0,1,1,2,4,3,2
0,1,2,5,5,0.2568807343877629,0.2312931317475115,0.1818216133781392,1,0,1,0,1,2,0,0,1,1,1,2,0,3,3,2,3,2,0,1,0,2,2,0,1,0,3,6,4,3,0
1,3,2,4,4,0.2568807343877629,0.2312931317475115,0.1818216133781392,2,0,0,0,0,1,1,0,3,1,1,1,1,3,2,2,2,2,1,1,0,2,2,0,1,0,4,5,4,1,0
0,2,2,2,2,0.5041293001243747,0.3924051042901554,0.4911856615764921,3,2,1,1,0,1,1,1,2,1,2,2,1,3,3,3,2,0,1,1,1,3,2,1,1,0,2,2,4,0,1
1,2,3,2,2,0.2568807343877629,0.3924051042901554,0.3464152991515907,2,2,1,1,1,2,1,1,3,1,1,3,1,3,2,2,2,0,0,1,0,2,2,1,1,0,1,2,4,1,1
1,1,2,1,1,0.5041293001243747,0.4690232345327208,0.2652017323423765,2,0,1,1,1,3,1,1,1,1,2,2,1,3,2,1,2,1,1,1,0,2,3,1,0,1,3,1,2,1,1
1,3,2,6,6,0.3553719008441233,0.2560048675697335,0.2774942828349492,1,0,1,1,1,3,0,0,3,1,1,1,0,1,3,1,1,2,2,0,0,1,2,1,1,0,7,7,6,2,0
0,1,2,2,2,0.5041293001243747,0.5277634595901657,0.5643102290371507,3,4,1,1,0,1,1,0,1,1,2,2,1,3,3,1,2,2,2,1,0,2,3,0,0,1,5,3,2,0,1
1,3,2,5,5,0.2568807343877629,0.2312931317475115,0.1818216133781392,2,1,0,0,0,2,1,1,3,1,1,3,1,3,3,1,3,1,1,1,0,3,3,0,1,0,2,5,1,1,0
0,2,3,1,1,0.4730210191672236,0.431284270194226,0.4913865546218487,1,0,0,0,0,1,0,0,0,0,1,1,0,1,1,1,2,1,1,0,0,1,1,0,1,0,4,3,7,2,2
0,2,2,2,2,0.2568807343877629,0.2312931317475115,0.1818216133781392,2,0,1,0,1,3,1,1,3,1,1,3,1,3,2,2,2,0,1,1,1,3,3,1,1,0,2,2,2,2,1
1,2,2,3,3,0.2568807343877629,0.2312931317475115,0.4483344683362005,3,1,0,0,0,1,1,1,3,1,1,1,0,3,2,2,2,1,1,0,0,2,2,0,1,0,4,3,4,1,0
1,1,1,1,1,0.7254294964422535,0.4690232345327208,0.6251162574106005,1,0,1,0,0,1,0,0,0,0,1,2,1,2,2,2,1,1,1,0,0,2,2,1,0,1,4,3,5,2,2
1,2,2,1,1,0.5041293001243747,0.5280567983484041,0.520389961286879,4,2,1,1,1,1,1,1,1,1,1,1,0,1,1,2,2,2,2,0,1,1,1,1,0,1,6,1,8,1,2
0,2,2,3,1,0.3553719008441233,0.2560048675697335,0.2068230990908619,1,1,1,1,1,3,0,0,1,1,1,2,0,2,2,2,1,1,1,0,0,2,2,0,1,0,5,2,5,2,2
1,1,1,1,1,0.3553719008441233,0.2560048675697335,0.2068230990908619,1,1,1,1,1,3,0,1,0,0,1,3,1,2,2,2,2,1,1,1,0,2,2,0,0,1,3,2,5,2,2
0,2,4,4,4,0.5041293001243747,0.5727612338639113,0.4689015395923673,6,4,1,1,1,3,1,1,1,1,1,3,1,3,3,2,2,0,1,1,1,2,3,0,1,0,2,4,3,1,1
1,1,1,1,1,0.2568807343877629,0.3924051042901554,0.3485496690247472,1,0,0,0,0,1,0,0,0,0,1,1,0,1,2,2,2,0,0,0,0,1,1,0,0,1,2,3,8,2,2
1,1,3,2,2,0.7254294964422535,0.494729193738419,0.5188898574495677,2,0,1,1,1,3,1,1,1,1,1,3,1,2,2,2,1,0,2,1,1,2,2,1,0,1,4,2,5,1,1
1,2,2,2,2,0.2568807343877629,0.3924051042901554,0.3464152991515907,3,0,1,0,0,2,1,1,3,1,1,3,1,3,2,2,2,0,0,1,0,3,3,0,1,0,1,2,2,1,1
0,2,2,1,1,0.6004666455841483,0.58079526080885,0.4131023194505032,1,0,1,1,1,3,1,1,1,1,3,2,1,3,2,3,2,2,2,1,1,3,3,1,1,0,5,1,3,1,1
0,2,2,2,2,0.2568807343877629,0.2312931317475115,0.1818216133781392,2,0,0,0,0,2,0,0,0,0,1,1,0,1,2,2,3,0,1,1,0,2,2,0,1,0,2,4,6,2,0
0,1,2,1,1,0.3553719008441233,0.2560048675697335,0.3325968600857093,2,1,0,0,0,1,0,0,0,0,1,2,0,2,2,3,2,1,2,0,0,3,2,0,0,1,5,3,5,2,2
1,3,2,2,1,0.3553719008441233,0.5697065570083024,0.5413865546218488,1,0,0,0,0,3,0,0,1,1,3,1,0,1,2,2,1,2,1,0,1,2,2,1,1,0,6,2,6,2,2
1,1,2,2,2,0.3553719008441233,0.6028848047056141,0.6045206383292184,1,0,1,0,0,1,0,0,0,0,1,1,0,1,2,2,2,1,1,0,0,1,1,0,0,1,4,4,8,2,2
1,3,3,2,2,0.3553719008441233,0.2560048675697335,0.2068230990908619,2,3,1,1,1,3,1,1,3,1,1,3,1,3,2,2,2,1,1,1,0,2,2,1,1,0,3,2,4,1,1
0,2,1,2,2,0.4663865546218487,0.3924051042901554,0.3464152991515907,2,3,1,0,0,2,1,1,1,1,1,3,1,3,2,1,2,1,1,1,0,3,2,0,1,0,3,2,2,1,1
0,1,1,1,1,0.2813321005719086,0.494729193738419,0.3970649205239838,1,0,1,0,1,3,0,0,1,1,1,2,1,2,1,2,2,1,1,0,0,2,2,0,0,1,3,2,5,3,2
1,2,2,3,1,0.2568807343877629,0.2312931317475115,0.1818216133781392,2,0,0,0,0,1,0,0,3,1,1,2,1,1,2,2,2,1,1,1,0,2,2,0,1,0,3,2,6,2,0
0,2,3,2,2,0.3553719008441233,0.2560048675697335,0.2068230990908619,2,4,1,1,1,3,1,1,3,1,1,3,1,3,2,3,2,1,1,1,1,2,3,0,1,0,3,2,4,1,1
1,3,2,3,3,0.2568807343877629,0.2312931317475115,0.1818216133781392,1,0,0,0,0,1,1,1,0,0,1,2,1,2,2,1,2,2,2,0,0,2,2,0,1,0,5,4,4,1,0
1,3,2,4,4,0.2568807343877629,0.2312931317475115,0.1818216133781392,3,0,0,0,0,1,1,0,2,1,1,2,1,2,2,1,2,1,1,1,0,2,2,0,1,0,3,5,4,1,0
1,1,1,1,1,0.5055446394403083,0.4690232345327208,0.2652017323423765,2,2,0,0,0,1,0,0,0,0,1,2,0,2,2,1,1,2,1,0,0,2,2,0,1,0,6,3,4,2,2
1,1,2,2,1,0.2568807343877629,0.2312931317475115,0.1818216133781392,2,0,0,0,0,1,0,0,0,0,1,1,0,1,1,1,3,1,1,0,0,2,1,1,0,1,3,3,6,2,2
0,2,1,2,2,0.6004666455841483,0.5277634595901657,0.4498825798447005,2,0,1,1,1,2,0,0,1,1,2,2,0,2,3,2,1,0,2,0,0,2,2,0,1,0,5,3,5,2,2
1,1,2,2,2,0.7342055546273047,0.6028848047056141,0.6045206383292184,1,2,1,1,1,3,1,1,2,1,1,3,1,2,3,1,3,2,1,1,0,2,3,0,1,0,3,2,3,1,1
1,2,2,2,1,0.7342055546273047,0.58079526080885,0.6209859275516705,2,1,1,0,0,1,1,1,1,0,1,2,1,2,2,2,2,0,0,1,1,2,2,0,1,0,1,2,5,1,1
1,2,2,1,1,0.2568807343877629,0.3924051042901554,0.3485496690247472,1,1,1,0,0,1,1,1,1,1,1,2,1,2,2,2,2,0,0,1,0,2,2,0,0,1,1,1,5,1,1
0,2,3,2,2,0.5236582634987461,0.3924051042901554,0.3464152991515907,4,2,1,0,0,1,0,0,1,1,2,1,0,2,2,3,2,2,2,1,1,2,2,1,1,0,6,3,6,2,2
1,1,2,1,1,0.3553719008441233,0.2560048675697335,0.3629994804424569,1,0,1,0,1,1,0,0,0,0,1,1,0,3,2,3,1,2,2,0,0,2,1,0,0,1,7,3,6,3,2
1,2,2,2,1,0.6004666455841483,0.58079526080885,0.6209859275516705,3,1,1,1,1,2,1,1,1,1,2,2,1,2,2,2,2,0,1,1,1,2,2,1,1,0,2,1,5,1,1
0,2,3,3,2,0.3553719008441233,0.2560048675697335,0.2068230990908619,1,1,1,1,1,3,0,1,1,1,2,2,1,2,2,2,2,1,0,0,0,2,2,1,0,1,2,2,5,2,1
0,2,3,2,2,0.5041293001243747,0.3924051042901554,0.5178983703117349,3,4,1,1,1,3,1,1,2,1,2,3,1,3,2,2,2,0,0,1,0,2,2,0,1,0,1,2,4,1,1
1,1,2,1,1,0.2568807343877629,0.2312931317475115,0.1818216133781392,1,0,0,0,1,2,0,0,0,0,1,1,1,2,2,2,2,1,1,0,0,2,1,0,0,1,3,3,6,3,2
0,2,3,3,3,0.5041293001243747,0.3924051042901554,0.3464152991515907,4,3,1,1,1,3,1,1,3,1,3,3,1,3,2,2,2,0,0,1,0,3,3,0,1,0,1,3,2,1,1
1,1,1,1,1,0.3553719008441233,0.4690232345327208,0.2652017323423765,1,2,1,0,1,3,0,0,0,0,1,1,0,1,1,1,2,2,2,0,0,1,1,1,0,1,6,3,7,3,2
0,2,3,2,2,0.3553719008441233,0.2560048675697335,0.2068230990908619,2,3,1,1,1,3,1,1,2,1,1,3,1,2,2,2,2,0,0,1,0,2,3,0,1,0,1,2,4,1,1
1,2,2,2,2,0.3553719008441233,0.2560048675697335,0.2068230990908619,1,3,1,1,0,1,1,1,0,1,2,2,1,3,2,1,3,0,0,1,0,2,2,1,1,0,0,2,3,0,1
0,1,2,1,1,0.3553719008441233,0.2560048675697335,0.4860613946318852,2,0,1,0,1,3,0,0,0,0,1,1,0,2,2,3,1,1,2,0,0,1,1,0,0,1,6,3,8,3,2
1,2,2,2,2,0.2568807343877629,0.2312931317475115,0.1818216133781392,2,0,0,0,0,1,1,1,3,1,1,3,1,3,2,2,2,1,1,1,0,2,2,0,1,0,3,2,4,1,0
1,1,1,2,2,0.3553719008441233,0.4690232345327208,0.2652017323423765,2,0,1,0,0,1,1,1,0,0,1,2,0,2,2,2,2,1,1,0,1,2,1,1,1,0,4,3,6,1,2
0,2,2,1,1,0.2568807343877629,0.2312931317475115,0.1818216133781392,2,2,0,0,0,1,1,1,2,1,1,3,1,2,1,1,3,1,1,1,0,3,3,1,1,0,2,1,2,1,1
1,3,2,1,1,0.2568807343877629,0.2312931317475115,0.5178983703117349,1,0,0,0,0,1,0,0,1,1,1,2,1,3,2,3,1,1,1,0,0,3,3,1,1,0,4,2,3,2,0
0,2,2,2,2,0.2813321005719086,0.494729193738419,0.5188898574495677,2,4,1,1,1,3,1,1,1,1,1,3,1,3,3,3,2,0,0,1,0,2,3,1,1,0,1,2,4,1,1
1,2,2,2,2,0.3553719008441233,0.4690232345327208,0.2652017323423765,2,0,1,1,1,3,1,1,1,1,1,2,1,3,2,1,2,0,0,1,0,2,2,1,1,0,1,2,3,1,1
0,2,2,3,3,0.2568807343877629,0.3924051042901554,0.3464152991515907,2,0,0,0,0,1,0,0,0,0,1,1,1,3,3,2,3,1,0,0,0,2,2,0,0,1,1,5,4,2,0
0,2,1,2,1,0.4979663383385758,0.5697065570083024,0.4498825798447005,1,2,1,0,0,3,0,0,0,0,3,1,0,1,3,3,1,2,2,0,1,1,1,1,1,0,7,3,9,2,2
1,2,2,3,3,0.3553719008441233,0.2560048675697335,0.2774942828349492,3,1,0,0,0,1,1,1,1,1,1,1,0,3,3,3,3,2,2,1,0,2,2,1,1,0,5,3,5,1,0
1,1,2,2,1,0.3553719008441233,0.3924051042901554,0.557835589399299,2,1,1,1,0,1,1,0,1,1,1,3,1,2,2,2,2,2,1,0,0,3,2,1,0,1,4,2,4,0,1
1,3,4,2,2,0.3553719008441233,0.2560048675697335,0.2774942828349492,7,2,0,0,1,2,1,0,0,0,3,1,0,1,2,2,2,0,0,1,0,2,2,1,1,0,2,4,6,2,0
0,2,3,2,1,0.7342055546273047,0.58079526080885,0.3970649205239838,2,0,0,0,0,1,0,0,0,0,2,2,0,2,2,2,2,1,1,0,0,2,1,1,1,0,4,3,6,2,2
1,1,1,1,1,0.2568807343877629,0.5277634595901657,0.5643102290371507,2,2,1,1,1,3,0,0,0,1,1,2,1,3,2,2,3,1,0,0,0,2,2,1,0,1,1,2,4,2,1
1,1,2,1,1,0.2568807343877629,0.3924051042901554,0.3485496690247472,2,1,0,1,1,3,1,1,1,1,2,3,1,3,3,2,2,1,0,1,0,3,3,0,0,1,2,1,2,1,1
0,3,4,4,4,0.3553719008441233,0.2560048675697335,0.2774942828349492,7,4,1,1,0,1,1,1,3,1,1,3,1,3,2,2,2,1,0,1,0,3,3,0,1,0,2,4,2,0,1
0,1,2,2,1,0.5569570005567268,0.5280567983484041,0.520389961286879,1,2,1,0,0,1,0,0,0,0,1,1,1,2,2,2,2,1,1,0,0,1,1,0,0,1,3,3,7,2,2
1,1,2,2,1,0.7254294964422535,0.5088547359679307,0.4913865546218487,2,1,1,0,1,2,0,0,1,1,1,2,1,2,1,2,2,1,1,0,0,2,2,1,1,0,3,2,5,3,2
1,2,2,1,1,0.4239590626609834,0.4239590626609834,0.435687907264296,2,1,1,0,0,1,0,1,0,0,1,3,1,2,2,3,2,1,2,0,0,1,1,1,0,1,4,2,8,2,2
1,2,1,1,1,0.5041293001243747,0.6028848047056141,0.4498825798447005,1,3,1,1,0,2,0,0,2,1,2,2,0,2,3,2,1,2,2,1,0,2,2,1,1,0,7,2,5,1,2
1,2,2,2,1,0.5041293001243747,0.4690232345327208,0.6251162574106005,2,2,1,0,0,1,0,0,2,1,2,2,1,3,2,2,3,1,2,1,0,3,2,1,0,1,3,2,3,2,1
0,1,1,2,2,0.3553719008441233,0.4690232345327208,0.2652017323423765,2,0,1,0,0,1,1,1,2,1,1,2,1,2,2,2,2,0,0,1,0,2,2,0,0,1,1,2,5,1,1
1,2,2,1,1,0.3553719008441233,0.4690232345327208,0.5195136717366,1,0,0,0,0,1,0,0,0,0,1,1,0,1,1,1,3,0,0,0,0,2,2,0,1,0,1,3,5,2,2
1,1,2,1,1,0.3553719008441233,0.2560048675697335,0.2068230990908619,1,3,1,1,1,2,1,1,1,1,3,3,1,3,2,2,2,0,0,1,0,3,2,0,1,0,1,1,3,1,1
1,2,2,2,2,0.3553719008441233,0.2560048675697335,0.3629994804424569,2,2,1,1,1,2,1,1,0,0,1,2,1,2,2,2,2,0,0,0,1,2,2,1,1,0,1,3,5,1,1
1,1,1,1,1,0.5055446394403083,0.5277634595901657,0.433182665870381,1,0,0,0,1,3,0,0,0,0,1,1,0,1,1,1,2,2,2,0,1,1,1,1,1,0,6,3,7,3,2
0,1,2,2,2,0.2568807343877629,0.2312931317475115,0.1818216133781392,1,0,1,0,0,1,1,0,1,1,1,2,1,2,2,2,2,1,1,0,0,3,2,0,0,1,3,3,4,1,0
1,1,2,1,1,0.3553719008441233,0.2560048675697335,0.2068230990908619,1,0,1,1,0,2,0,0,1,1,2,2,1,2,2,2,2,0,1,1,0,1,2,1,1,0,2,2,6,1,1
0,2,2,3,1,0.7342055546273047,0.3924051042901554,0.4498825798447005,2,2,1,0,1,3,0,0,0,0,1,1,0,2,2,3,2,2,2,0,0,1,1,1,1,0,6,3,8,3,2
1,2,2,2,2,0.2568807343877629,0.2312931317475115,0.4413865546218487,1,0,0,0,0,2,0,0,0,0,1,1,0,1,1,2,1,2,2,0,0,1,1,0,1,0,7,4,8,2,2
1,1,2,1,1,0.5041293001243747,0.431284270194226,0.4913865546218487,1,2,1,0,0,3,0,0,1,0,1,2,0,2,2,1,3,0,2,0,0,2,2,1,0,1,3,3,4,2,2
1,3,1,2,2,0.3553719008441233,0.5727612338639113,0.4174131178978558,1,1,1,0,1,2,0,0,0,0,1,1,0,3,2,1,2,1,2,0,0,2,2,1,0,1,5,4,3,3,2
0,2,2,2,2,0.5055446394403083,0.3924051042901554,0.3464152991515907,2,2,1,1,0,1,1,1,1,1,2,3,1,3,3,1,2,1,0,1,0,3,3,0,1,0,2,2,1,0,1
0,2,2,2,2,0.7342055546273047,0.6028848047056141,0.4012782538087797,3,3,1,1,0,1,1,1,2,1,1,3,1,3,3,2,3,1,0,1,0,3,3,0,1,0,1,2,2,0,1
0,3,2,6,6,0.2568807343877629,0.2312931317475115,0.1818216133781392,1,0,1,1,0,1,1,0,3,1,3,2,1,3,3,1,3,0,0,1,0,3,3,0,1,0,0,7,1,0,0
1,1,2,1,1,0.3553719008441233,0.4690232345327208,0.2652017323423765,2,2,1,0,0,1,1,1,0,0,1,3,1,3,2,2,2,1,1,0,1,2,2,1,1,0,3,2,4,1,1
1,1,2,1,1,0.5055446394403083,0.4690232345327208,0.6251162574106005,1,4,1,0,1,2,0,0,0,0,1,1,0,1,1,3,2,1,2,0,0,2,1,0,0,1,5,3,8,3,2
0,2,2,2,2,0.2813321005719086,0.5088547359679307,0.4624682586537629,2,3,1,1,1,3,1,1,1,1,3,3,1,3,2,2,3,1,0,1,1,3,3,0,1,0,1,2,2,1,1
1,1,2,1,1,0.2568807343877629,0.2312931317475115,0.1818216133781392,2,0,1,0,0,1,1,1,2,1,1,2,1,3,2,1,3,1,1,1,0,3,3,0,0,1,2,1,1,1,1
1,1,1,2,2,0.5055446394403083,0.5277634595901657,0.4012782538087797,2,2,1,1,0,1,0,0,3,1,1,3,1,3,2,1,2,1,1,0,0,2,2,0,1,0,3,3,3,1,1
0,1,1,3,3,0.5055446394403083,0.3924051042901554,0.4498825798447005,2,4,1,1,1,3,1,1,2,1,2,3,1,3,2,2,2,0,0,1,0,2,2,0,1,0,1,3,4,1,1
1,2,2,2,2,0.3553719008441233,0.494729193738419,0.3970649205239838,2,0,0,0,0,1,0,0,2,0,1,1,1,3,1,2,2,1,1,0,0,2,2,0,1,0,3,4,4,2,0
1,2,1,1,1,0.6004666455841483,0.6028848047056141,0.6045206383292184,1,0,0,0,1,3,0,0,0,0,1,1,0,2,2,2,2,2,2,0,0,2,1,0,0,1,6,3,6,3,2
1,1,2,1,1,0.3553719008441233,0.2560048675697335,0.2068230990908619,1,2,1,1,1,3,1,1,3,1,1,3,1,3,2,2,2,1,1,1,0,3,2,0,1,0,3,1,3,1,1
0,2,2,4,1,0.5569570005567268,0.5280567983484041,0.5062032724614461,2,4,1,1,1,3,1,1,0,0,2,1,1,2,3,1,3,0,0,1,0,3,3,1,1,0,0,2,2,1,1
1,1,2,2,1,0.2813321005719086,0.5444138749750935,0.557835589399299,2,1,1,1,1,3,1,1,1,1,2,3,1,3,3,2,2,0,1,1,0,2,2,1,0,1,2,1,4,1,1
0,2,2,2,2,0.4663865546218487,0.5727612338639113,0.4911856615764921,3,1,1,0,0,1,0,0,2,1,2,2,1,3,2,2,2,0,0,0,1,2,2,1,1,0,1,3,4,2,1
1,1,3,2,2,0.5041293001243747,0.5727612338639113,0.47073868350099,2,3,1,1,1,3,1,1,3,1,1,3,1,3,3,2,3,1,0,1,1,3,3,0,0,1,1,2,2,1,1
0,4,1,6,3,0.5041293001243747,0.5697065570083024,0.5413865546218488,1,1,1,0,0,1,0,0,0,0,1,1,0,1,1,2,2,0,0,1,0,3,2,0,1,0,2,5,5,2,0
0,3,2,7,7,0.2813321005719086,0.3924051042901554,0.3464152991515907,7,0,1,0,0,1,1,1,3,1,2,3,1,3,1,2,3,0,0,1,0,3,2,0,1,0,0,7,3,1,0
0,2,2,2,2,0.2568807343877629,0.3924051042901554,0.3464152991515907,2,0,1,0,0,1,0,0,1,1,1,1,0,2,3,2,2,2,2,0,0,2,2,1,1,0,6,3,5,2,2
0,2,2,2,2,0.5041293001243747,0.58079526080885,0.6209859275516705,4,2,1,1,0,1,1,0,1,1,2,2,1,2,2,1,2,1,1,0,0,2,2,1,1,0,3,3,4,0,1
0,3,2,4,4,0.2568807343877629,0.2312931317475115,0.1818216133781392,1,2,1,0,0,1,1,0,2,1,1,2,0,3,3,1,3,0,0,0,0,2,2,0,1,0,1,5,3,1,0
0,2,1,1,1,0.5055446394403083,0.5277634595901657,0.5195136717366,1,3,1,1,1,3,1,1,2,1,1,2,1,3,1,2,1,0,0,1,0,3,2,0,1,0,2,1,3,1,1
0,2,2,2,2,0.4663865546218487,0.5727612338639113,0.4911856615764921,3,1,1,1,0,1,1,0,1,1,2,3,1,3,2,2,1,2,2,1,0,3,2,1,1,0,6,3,3,0,1
1,2,2,2,2,0.5041293001243747,0.5277634595901657,0.5643102290371507,2,2,1,1,1,3,1,1,3,1,1,3,1,3,2,2,3,1,0,1,0,3,3,0,1,0,1,2,2,1,1
1,1,2,2,1,0.5041293001243747,0.5277634595901657,0.5643102290371507,2,1,1,1,0,1,1,1,2,1,1,2,1,2,2,3,2,0,1,1,0,2,2,1,1,0,2,1,6,0,1
1,1,2,2,2,0.5055446394403083,0.6028848047056141,0.6045206383292184,2,0,1,0,0,1,0,0,2,1,1,3,0,2,2,3,2,2,2,1,0,2,2,0,0,1,6,3,6,2,2
0,1,2,1,1,0.2813321005719086,0.3924051042901554,0.4131023194505032,2,1,0,0,0,1,0,0,1,1,1,1,0,2,2,2,2,0,0,0,1,2,2,0,1,0,2,2,5,2,2
1,2,2,2,2,0.6004666455841483,0.3924051042901554,0.3485496690247472,2,1,1,1,0,1,1,1,1,1,1,2,1,2,2,3,2,0,0,1,0,2,2,1,1,0,1,2,6,0,1
1,1,3,1,1,0.3553719008441233,0.2560048675697335,0.3629994804424569,3,4,1,1,1,3,1,1,1,1,2,3,1,3,1,3,2,1,1,0,0,3,2,1,1,0,3,1,4,1,1
1,2,2,2,2,0.2568807343877629,0.2312931317475115,0.1818216133781392,2,2,1,1,0,2,1,1,1,1,1,2,1,3,2,1,3,1,1,1,0,2,2,0,1,0,2,2,3,0,1
0,2,3,2,2,0.2813321005719086,0.5088547359679307,0.5569570005567268,3,4,1,1,1,3,1,1,3,1,2,2,1,2,1,2,2,0,0,1,0,2,3,0,1,0,1,2,4,1,1
1,1,2,2,2,0.2568807343877629,0.2312931317475115,0.1818216133781392,2,0,1,1,1,3,1,1,3,1,2,3,1,2,2,2,2,0,0,1,0,2,2,0,1,0,1,2,5,1,1
1,2,1,3,1,0.3553719008441233,0.2560048675697335,0.2068230990908619,1,3,1,1,1,3,1,1,1,1,1,3,1,3,2,1,3,0,0,1,0,3,3,1,1,0,0,1,1,1,1
0,1,2,1,1,0.3553719008441233,0.2560048675697335,0.3629994804424569,3,1,1,0,1,3,1,0,1,1,1,2,0,3,2,1,1,2,2,0,1,2,2,0,0,1,7,2,3,2,2
1,1,2,2,1,0.7342055546273047,0.5444138749750935,0.557835589399299,2,2,1,1,0,1,1,1,1,1,1,2,1,2,3,2,2,0,1,1,0,2,2,1,0,1,2,1,5,0,1
1,1,2,2,2,0.5041293001243747,0.6028848047056141,0.6045206383292184,2,0,1,0,0,1,1,1,2,1,1,3,1,3,2,2,2,1,1,1,0,2,2,1,0,1,3,2,4,1,1
1,1,2,2,2,0.5041293001243747,0.4690232345327208,0.6251162574106005,2,1,1,1,0,1,0,0,0,0,2,2,0,2,3,1,1,2,2,0,0,1,2,0,0,1,7,4,5,1,2
1,1,1,1,1,0.3553719008441233,0.2560048675697335,0.4689015395923673,1,0,1,0,0,3,0,0,0,0,1,2,0,1,1,3,2,2,2,0,0,3,2,1,0,1,6,3,6,2,2
1,1,2,2,2,0.5041293001243747,0.6028848047056141,0.4911856615764921,2,2,1,0,0,2,0,0,0,0,1,2,0,2,2,1,3,0,0,1,0,3,2,0,0,1,1,4,3,2,2
1,3,2,2,2,0.6004666455841483,0.3924051042901554,0.3464152991515907,2,0,1,0,0,1,1,1,0,0,1,1,1,1,2,2,2,0,0,1,0,2,2,1,1,0,1,3,6,1,0
0,2,2,2,1,0.4979663383385758,0.5727612338639113,0.5062032724614461,3,1,1,0,0,1,0,0,1,1,2,1,0,2,3,3,2,2,1,1,0,2,2,1,1,0,5,2,6,2,2
0,2,2,3,2,0.5041293001243747,0.3924051042901554,0.5178983703117349,4,1,1,1,1,3,1,1,1,1,3,3,1,3,3,3,1,2,2,1,1,3,3,1,1,0,6,2,3,1,1
1,2,2,1,1,0.4979663383385758,0.58079526080885,0.6209859275516705,2,2,1,0,0,1,0,0,0,0,1,2,0,2,2,2,2,0,0,0,0,2,1,1,1,0,2,3,6,2,2
1,1,2,1,1,0.7254294964422535,0.4690232345327208,0.6251162574106005,1,2,1,0,1,2,0,0,0,0,1,1,0,3,1,3,2,2,2,0,0,1,1,0,1,0,6,3,7,3,2
0,1,1,1,1,0.2813321005719086,0.5727612338639113,0.3713837828371839,1,2,1,1,1,2,1,1,1,1,2,2,1,2,2,3,1,2,2,0,1,2,1,1,1,0,6,1,7,1,2
0,2,1,3,3,0.5055446394403083,0.5727612338639113,0.4020705871988475,1,2,0,1,1,3,0,0,1,1,1,3,1,3,2,1,2,1,1,0,0,2,2,0,1,0,3,4,3,2,0
0,1,2,1,1,0.3553719008441233,0.5727612338639113,0.5195136717366,1,0,1,0,1,3,0,0,1,0,1,1,0,1,2,3,2,0,2,1,1,2,3,0,0,1,4,3,6,3,2
1,1,2,1,1,0.4663865546218487,0.6028848047056141,0.6045206383292184,1,0,1,0,0,1,0,0,0,0,1,2,0,2,2,2,2,1,2,0,0,1,2,1,0,1,5,3,6,2,2
0,1,2,2,1,0.7342055546273047,0.5277634595901657,0.5195136717366,2,4,1,0,0,1,1,0,0,0,1,2,1,3,2,3,2,2,2,1,0,3,3,1,1,0,5,3,3,1,1
0,3,3,4,3,0.5041293001243747,0.6028848047056141,0.4423093152874278,2,3,1,1,1,3,0,0,3,1,2,3,1,2,2,1,1,2,2,1,0,3,3,1,1,0,6,4,2,2,1
1,4,1,7,7,0.2568807343877629,0.2312931317475115,0.1818216133781392,2,0,0,0,0,1,1,1,3,1,1,3,1,3,3,1,3,0,1,1,0,3,3,1,1,0,1,7,1,1,0
1,2,2,2,2,0.2568807343877629,0.2312931317475115,0.1818216133781392,2,0,0,0,0,1,0,1,3,1,1,1,1,3,2,2,2,0,0,0,0,2,2,0,1,0,1,2,4,2,0
1,1,2,1,1,0.5041293001243747,0.4019442411205329,0.4019442411205329,2,2,1,1,0,1,1,0,2,1,1,2,1,1,2,2,2,1,2,0,0,2,2,0,0,1,4,2,6,0,2
1,1,2,1,1,0.6004666455841483,0.5277634595901657,0.5195136717366,1,0,1,1,1,3,0,0,1,1,1,1,0,1,3,1,1,2,2,0,1,1,1,0,0,1,7,2,7,2,2
0,1,2,1,1,0.7254294964422535,0.5277634595901657,0.5643102290371507,2,1,1,1,0,1,1,1,2,1,1,3,1,3,2,2,3,0,1,1,0,3,2,0,0,1,1,1,3,0,1
1,1,2,1,1,0.2568807343877629,0.4460716713574062,0.5178983703117349,3,0,0,0,0,1,1,0,2,1,1,2,1,2,2,1,2,2,2,1,0,1,2,0,0,1,5,2,5,1,2
0,2,2,2,2,0.5055446394403083,0.3924051042901554,0.4498825798447005,3,4,1,1,1,3,1,1,2,1,3,3,1,3,2,2,2,0,0,1,0,2,2,0,1,0,1,2,4,1,1
0,2,2,2,2,0.3553719008441233,0.3924051042901554,0.3464152991515907,3,1,1,1,1,3,1,0,2,1,1,3,1,3,2,2,2,0,0,0,0,2,2,1,1,0,1,3,4,1,1
0,3,2,5,1,0.7342055546273047,0.3924051042901554,0.3464152991515907,7,2,1,1,1,3,1,1,2,1,3,3,1,3,3,1,3,0,0,0,0,3,3,0,1,0,0,1,1,1,1
1,3,2,2,2,0.3553719008441233,0.3924051042901554,0.3485496690247472,2,1,1,0,0,1,0,0,1,1,2,2,1,2,2,1,2,2,2,0,0,2,2,1,1,0,5,3,4,2,0
1,1,1,1,1,0.4730210191672236,0.4690232345327208,0.4498825798447005,1,0,1,0,0,1,0,0,0,0,1,1,0,2,3,2,2,2,2,0,0,2,1,0,1,0,6,3,6,2,2
1,2,1,1,1,0.6004666455841483,0.5277634595901657,0.433182665870381,1,2,1,1,1,3,1,0,3,1,1,1,0,1,1,2,2,2,2,0,0,1,1,1,1,0,6,2,8,1,2
1,1,2,3,3,0.2568807343877629,0.2312931317475115,0.1818216133781392,2,0,1,1,1,2,1,1,2,1,1,3,1,3,2,2,2,1,0,1,1,2,2,1,1,0,2,3,4,1,1
0,1,1,2,2,0.3553719008441233,0.2560048675697335,0.2068230990908619,1,1,1,1,0,1,1,1,1,1,1,3,1,3,3,1,3,0,0,1,0,3,3,0,1,0,0,2,1,0,1
0,2,3,1,1,0.3553719008441233,0.2560048675697335,0.2774942828349492,4,3,1,1,0,2,1,1,1,1,2,2,1,3,2,2,2,1,1,1,0,2,2,0,1,0,3,1,4,0,1
1,2,2,3,3,0.2568807343877629,0.2312931317475115,0.1818216133781392,3,1,0,0,0,1,1,0,2,1,1,2,1,3,2,2,2,2,2,1,0,2,2,0,1,0,5,4,4,1,0
0,2,2,1,1,0.2568807343877629,0.2312931317475115,0.1818216133781392,1,0,0,0,1,2,1,0,0,0,1,1,1,2,1,1,2,1,0,1,0,2,2,1,0,0,2,3,4,2,0
1,1,3,1,1,0.2568807343877629,0.3924051042901554,0.3464152991515907,1,0,0,0,0,1,1,0,0,0,1,2,1,2,2,2,2,2,2,1,0,2,2,0,0,1,5,3,5,1,2
1,1,2,1,1,0.3553719008441233,0.4690232345327208,0.6251162574106005,1,1,1,0,0,1,0,0,1,1,1,3,1,2,2,1,2,1,1,0,0,2,2,1,1,0,3,2,4,2,2
1,1,1,1,1,0.3553719008441233,0.4690232345327208,0.6251162574106005,2,3,1,1,1,3,1,1,0,0,1,3,1,3,2,1,2,2,2,1,0,3,3,0,0,1,5,2,1,1,1
1,1,2,1,1,0.4239590626609834,0.4239590626609834,0.435687907264296,2,0,0,1,1,2,0,0,1,1,2,1,0,3,3,2,1,2,2,0,0,2,1,1,1,0,7,2,5,2,2
1,1,1,1,1,0.7342055546273047,0.6028848047056141,0.6045206383292184,2,0,1,1,0,1,0,1,1,1,1,2,1,2,3,1,2,0,1,0,0,2,2,1,1,0,2,1,4,1,1
1,1,1,2,1,0.3553719008441233,0.4690232345327208,0.2652017323423765,1,0,0,0,0,1,0,0,0,0,1,1,0,1,1,1,1,1,2,0,0,1,1,0,0,1,6,3,7,2,2
1,3,1,2,2,0.3553719008441233,0.2560048675697335,0.2068230990908619,1,0,0,0,0,3,1,1,1,0,1,3,1,2,3,1,1,1,2,1,0,2,2,0,1,0,5,3,4,1,0
0,4,4,5,5,0.5041293001243747,0.3924051042901554,0.3464152991515907,7,4,1,1,1,3,1,1,3,1,3,3,1,3,2,3,2,0,0,1,1,3,3,0,1,0,1,5,3,1,1
1,1,1,2,2,0.2568807343877629,0.3924051042901554,0.3485496690247472,1,0,0,0,0,1,0,0,0,0,1,1,0,1,2,1,2,1,0,0,0,2,2,0,1,0,3,4,5,2,2
